station_id,year_sap,FSW,LSW,WindowDays,sap_days_index,LAT,LON,ELEV,STATE,name,station_name
USC00271647,1961,1961-02-10,1961-04-27,76,55,44.8611,-71.5392,341.4,NH,COLEBROOK 3SW,"COLEBROOK 3SW, NH (USC00271647)"
USC00271647,1962,1962-03-08,1962-04-26,49,44,44.8611,-71.5392,341.4,NH,COLEBROOK 3SW,"COLEBROOK 3SW, NH (USC00271647)"
USC00271647,1963,1963-03-22,1963-03-30,8,7,44.8611,-71.5392,341.4,NH,COLEBROOK 3SW,"COLEBROOK 3SW, NH (USC00271647)"
USC00271647,1964,1964-03-02,1964-04-22,51,38,44.8611,-71.5392,341.4,NH,COLEBROOK 3SW,"COLEBROOK 3SW, NH (USC00271647)"
USC00271647,1965,1965-03-04,1965-04-27,54,29,44.8611,-71.5392,341.4,NH,COLEBROOK 3SW,"COLEBROOK 3SW, NH (USC00271647)"
USC00271647,1966,1966-03-04,1966-03-31,27,17,44.8611,-71.5392,341.4,NH,COLEBROOK 3SW,"COLEBROOK 3SW, NH (USC00271647)"
USC00271647,1968,1968-02-04,1968-04-29,85,29,44.8611,-71.5392,341.4,NH,COLEBROOK 3SW,"COLEBROOK 3SW, NH (USC00271647)"
USC00271647,1969,1969-02-03,1969-04-30,86,48,44.8611,-71.5392,341.4,NH,COLEBROOK 3SW,"COLEBROOK 3SW, NH (USC00271647)"
USC00271647,1970,1970-02-04,1970-04-23,78,47,44.8611,-71.5392,341.4,NH,COLEBROOK 3SW,"COLEBROOK 3SW, NH (USC00271647)"
USC00271647,1971,1971-02-08,1971-04-28,79,55,44.8611,-71.5392,341.4,NH,COLEBROOK 3SW,"COLEBROOK 3SW, NH (USC00271647)"
USC00271647,1972,1972-02-15,1972-04-29,74,49,44.8611,-71.5392,341.4,NH,COLEBROOK 3SW,"COLEBROOK 3SW, NH (USC00271647)"
USC00271647,1973,1973-02-05,1973-04-30,84,45,44.8611,-71.5392,341.4,NH,COLEBROOK 3SW,"COLEBROOK 3SW, NH (USC00271647)"
USC00271647,1974,1974-02-22,1974-04-27,64,40,44.8611,-71.5392,341.4,NH,COLEBROOK 3SW,"COLEBROOK 3SW, NH (USC00271647)"
USC00271647,1975,1975-02-17,1975-04-29,71,50,44.8611,-71.5392,341.4,NH,COLEBROOK 3SW,"COLEBROOK 3SW, NH (USC00271647)"
USC00271647,1976,1976-02-13,1976-04-27,74,44,44.8611,-71.5392,341.4,NH,COLEBROOK 3SW,"COLEBROOK 3SW, NH (USC00271647)"
USC00271647,1977,1977-02-14,1977-04-30,75,38,44.8611,-71.5392,341.4,NH,COLEBROOK 3SW,"COLEBROOK 3SW, NH (USC00271647)"
USC00271647,1978,1978-03-11,1978-04-26,46,41,44.8611,-71.5392,341.4,NH,COLEBROOK 3SW,"COLEBROOK 3SW, NH (USC00271647)"
USC00271647,1979,1979-02-23,1979-04-20,56,40,44.8611,-71.5392,341.4,NH,COLEBROOK 3SW,"COLEBROOK 3SW, NH (USC00271647)"
USC00271647,1980,1980-02-22,1980-04-22,60,39,44.8611,-71.5392,341.4,NH,COLEBROOK 3SW,"COLEBROOK 3SW, NH (USC00271647)"
USC00271647,1981,1981-02-19,1981-04-23,63,40,44.8611,-71.5392,341.4,NH,COLEBROOK 3SW,"COLEBROOK 3SW, NH (USC00271647)"
USC00271647,1982,1982-02-22,1982-04-29,66,45,44.8611,-71.5392,341.4,NH,COLEBROOK 3SW,"COLEBROOK 3SW, NH (USC00271647)"
USC00271647,1984,1984-02-04,1984-04-22,78,43,44.8611,-71.5392,341.4,NH,COLEBROOK 3SW,"COLEBROOK 3SW, NH (USC00271647)"
USC00271647,1985,1985-02-13,1985-04-19,65,49,44.8611,-71.5392,341.4,NH,COLEBROOK 3SW,"COLEBROOK 3SW, NH (USC00271647)"
USC00271647,1986,1986-02-21,1986-04-23,61,29,44.8611,-71.5392,341.4,NH,COLEBROOK 3SW,"COLEBROOK 3SW, NH (USC00271647)"
USC00271647,1987,1987-03-09,1987-04-30,52,26,44.8611,-71.5392,341.4,NH,COLEBROOK 3SW,"COLEBROOK 3SW, NH (USC00271647)"
USC00271647,1988,1988-02-18,1988-04-26,68,38,44.8611,-71.5392,341.4,NH,COLEBROOK 3SW,"COLEBROOK 3SW, NH (USC00271647)"
USC00271647,1989,1989-02-22,1989-04-28,65,46,44.8611,-71.5392,341.4,NH,COLEBROOK 3SW,"COLEBROOK 3SW, NH (USC00271647)"
USC00271647,1990,1990-02-10,1990-04-23,72,44,44.8611,-71.5392,341.4,NH,COLEBROOK 3SW,"COLEBROOK 3SW, NH (USC00271647)"
USC00271647,1991,1991-02-04,1991-04-23,78,45,44.8611,-71.5392,341.4,NH,COLEBROOK 3SW,"COLEBROOK 3SW, NH (USC00271647)"
USC00271647,1992,1992-02-17,1992-04-26,69,35,44.8611,-71.5392,341.4,NH,COLEBROOK 3SW,"COLEBROOK 3SW, NH (USC00271647)"
USC00271647,1993,1993-03-04,1993-04-27,54,28,44.8611,-71.5392,341.4,NH,COLEBROOK 3SW,"COLEBROOK 3SW, NH (USC00271647)"
USC00271647,1994,1994-03-08,1994-04-29,52,37,44.8611,-71.5392,341.4,NH,COLEBROOK 3SW,"COLEBROOK 3SW, NH (USC00271647)"
USC00271647,1995,1995-02-19,1995-04-26,66,42,44.8611,-71.5392,341.4,NH,COLEBROOK 3SW,"COLEBROOK 3SW, NH (USC00271647)"
USC00271647,1996,1996-02-27,1996-04-28,61,38,44.8611,-71.5392,341.4,NH,COLEBROOK 3SW,"COLEBROOK 3SW, NH (USC00271647)"
USC00271647,1997,1997-02-21,1997-04-29,67,38,44.8611,-71.5392,341.4,NH,COLEBROOK 3SW,"COLEBROOK 3SW, NH (USC00271647)"
USC00271647,1998,1998-02-03,1998-04-27,83,51,44.8611,-71.5392,341.4,NH,COLEBROOK 3SW,"COLEBROOK 3SW, NH (USC00271647)"
USC00271647,1999,1999-02-03,1999-04-25,81,45,44.8611,-71.5392,341.4,NH,COLEBROOK 3SW,"COLEBROOK 3SW, NH (USC00271647)"
USC00271647,2000,2000-03-03,2000-04-29,57,36,44.8611,-71.5392,341.4,NH,COLEBROOK 3SW,"COLEBROOK 3SW, NH (USC00271647)"
USC00271647,2001,2001-03-10,2001-04-29,50,44,44.8611,-71.5392,341.4,NH,COLEBROOK 3SW,"COLEBROOK 3SW, NH (USC00271647)"
USC00271647,2002,2002-02-19,2002-04-30,70,44,44.8611,-71.5392,341.4,NH,COLEBROOK 3SW,"COLEBROOK 3SW, NH (USC00271647)"
USC00271647,2003,2003-02-22,2003-04-26,63,38,44.8611,-71.5392,341.4,NH,COLEBROOK 3SW,"COLEBROOK 3SW, NH (USC00271647)"
USC00271647,2004,2004-03-04,2004-04-29,56,39,44.8611,-71.5392,341.4,NH,COLEBROOK 3SW,"COLEBROOK 3SW, NH (USC00271647)"
USC00271647,2005,2005-02-04,2005-04-30,85,40,44.8611,-71.5392,341.4,NH,COLEBROOK 3SW,"COLEBROOK 3SW, NH (USC00271647)"
USC00271647,2006,2006-02-18,2006-04-29,70,31,44.8611,-71.5392,341.4,NH,COLEBROOK 3SW,"COLEBROOK 3SW, NH (USC00271647)"
USC00271647,2007,2007-03-13,2007-04-26,44,33,44.8611,-71.5392,341.4,NH,COLEBROOK 3SW,"COLEBROOK 3SW, NH (USC00271647)"
USC00271647,2008,2008-03-06,2008-04-30,55,37,44.8611,-71.5392,341.4,NH,COLEBROOK 3SW,"COLEBROOK 3SW, NH (USC00271647)"
USC00271647,2009,2009-03-09,2009-04-30,52,45,44.8611,-71.5392,341.4,NH,COLEBROOK 3SW,"COLEBROOK 3SW, NH (USC00271647)"
USC00271647,2010,2010-02-27,2010-04-30,62,38,44.8611,-71.5392,341.4,NH,COLEBROOK 3SW,"COLEBROOK 3SW, NH (USC00271647)"
USC00271647,2011,2011-03-07,2011-04-23,47,44,44.8611,-71.5392,341.4,NH,COLEBROOK 3SW,"COLEBROOK 3SW, NH (USC00271647)"
USC00271647,2012,2012-02-17,2012-04-30,73,40,44.8611,-71.5392,341.4,NH,COLEBROOK 3SW,"COLEBROOK 3SW, NH (USC00271647)"
USC00271647,2013,2013-02-14,2013-04-26,71,44,44.8611,-71.5392,341.4,NH,COLEBROOK 3SW,"COLEBROOK 3SW, NH (USC00271647)"
USC00271647,2014,2014-02-23,2014-04-29,65,31,44.8611,-71.5392,341.4,NH,COLEBROOK 3SW,"COLEBROOK 3SW, NH (USC00271647)"
USC00271647,2015,2015-03-12,2015-04-30,49,27,44.8611,-71.5392,341.4,NH,COLEBROOK 3SW,"COLEBROOK 3SW, NH (USC00271647)"
USC00271647,2016,2016-02-04,2016-04-29,85,47,44.8611,-71.5392,341.4,NH,COLEBROOK 3SW,"COLEBROOK 3SW, NH (USC00271647)"
USC00271647,2017,2017-02-21,2017-04-20,58,37,44.8611,-71.5392,341.4,NH,COLEBROOK 3SW,"COLEBROOK 3SW, NH (USC00271647)"
USC00271647,2018,2018-02-17,2018-04-23,65,50,44.8611,-71.5392,341.4,NH,COLEBROOK 3SW,"COLEBROOK 3SW, NH (USC00271647)"
USC00271647,2019,2019-02-08,2019-04-30,81,38,44.8611,-71.5392,341.4,NH,COLEBROOK 3SW,"COLEBROOK 3SW, NH (USC00271647)"
USC00271647,2020,2020-02-25,2020-04-29,64,55,44.8611,-71.5392,341.4,NH,COLEBROOK 3SW,"COLEBROOK 3SW, NH (USC00271647)"
USC00271647,2021,2021-03-02,2021-04-28,57,35,44.8611,-71.5392,341.4,NH,COLEBROOK 3SW,"COLEBROOK 3SW, NH (USC00271647)"
USC00271647,2022,2022-02-11,2022-04-30,78,51,44.8611,-71.5392,341.4,NH,COLEBROOK 3SW,"COLEBROOK 3SW, NH (USC00271647)"
USC00271647,2023,2023-02-10,2023-04-28,77,49,44.8611,-71.5392,341.4,NH,COLEBROOK 3SW,"COLEBROOK 3SW, NH (USC00271647)"
USC00271647,2024,2024-02-09,2024-04-27,78,48,44.8611,-71.5392,341.4,NH,COLEBROOK 3SW,"COLEBROOK 3SW, NH (USC00271647)"
USC00271647,2025,2025-02-27,2025-04-28,60,36,44.8611,-71.5392,341.4,NH,COLEBROOK 3SW,"COLEBROOK 3SW, NH (USC00271647)"
USC00273850,1894,1894-02-09,1894-04-10,60,37,43.7053,-72.2856,178,NH,HANOVER,"HANOVER, NH (USC00273850)"
USC00273850,1895,1895-02-18,1895-04-12,53,39,43.7053,-72.2856,178,NH,HANOVER,"HANOVER, NH (USC00273850)"
USC00273850,1896,1896-02-08,1896-04-11,63,33,43.7053,-72.2856,178,NH,HANOVER,"HANOVER, NH (USC00273850)"
USC00273850,1897,1897-02-17,1897-04-28,70,47,43.7053,-72.2856,178,NH,HANOVER,"HANOVER, NH (USC00273850)"
USC00273850,1898,1898-02-08,1898-04-21,72,38,43.7053,-72.2856,178,NH,HANOVER,"HANOVER, NH (USC00273850)"
USC00273850,1899,1899-02-18,1899-04-16,57,40,43.7053,-72.2856,178,NH,HANOVER,"HANOVER, NH (USC00273850)"
USC00273850,1900,1900-02-08,1900-04-27,78,47,43.7053,-72.2856,178,NH,HANOVER,"HANOVER, NH (USC00273850)"
USC00273850,1901,1901-03-04,1901-04-18,45,33,43.7053,-72.2856,178,NH,HANOVER,"HANOVER, NH (USC00273850)"
USC00273850,1902,1902-02-23,1902-04-26,62,34,43.7053,-72.2856,178,NH,HANOVER,"HANOVER, NH (USC00273850)"
USC00273850,1903,1903-02-04,1903-04-22,77,42,43.7053,-72.2856,178,NH,HANOVER,"HANOVER, NH (USC00273850)"
USC00273850,1904,1904-02-23,1904-04-21,58,38,43.7053,-72.2856,178,NH,HANOVER,"HANOVER, NH (USC00273850)"
USC00273850,1905,1905-02-23,1905-04-23,59,37,43.7053,-72.2856,178,NH,HANOVER,"HANOVER, NH (USC00273850)"
USC00273850,1906,1906-02-04,1906-04-25,80,50,43.7053,-72.2856,178,NH,HANOVER,"HANOVER, NH (USC00273850)"
USC00273850,1907,1907-02-16,1907-04-25,68,48,43.7053,-72.2856,178,NH,HANOVER,"HANOVER, NH (USC00273850)"
USC00273850,1908,1908-02-14,1908-04-21,67,39,43.7053,-72.2856,178,NH,HANOVER,"HANOVER, NH (USC00273850)"
USC00273850,1909,1909-02-07,1909-04-30,82,55,43.7053,-72.2856,178,NH,HANOVER,"HANOVER, NH (USC00273850)"
USC00273850,1910,1910-02-10,1910-04-28,77,32,43.7053,-72.2856,178,NH,HANOVER,"HANOVER, NH (USC00273850)"
USC00273850,1911,1911-02-18,1911-04-23,64,45,43.7053,-72.2856,178,NH,HANOVER,"HANOVER, NH (USC00273850)"
USC00273850,1912,1912-02-18,1912-04-28,70,40,43.7053,-72.2856,178,NH,HANOVER,"HANOVER, NH (USC00273850)"
USC00273850,1913,1913-02-16,1913-04-20,63,33,43.7053,-72.2856,178,NH,HANOVER,"HANOVER, NH (USC00273850)"
USC00273850,1914,1914-02-03,1914-04-23,79,45,43.7053,-72.2856,178,NH,HANOVER,"HANOVER, NH (USC00273850)"
USC00273850,1915,1915-02-08,1915-04-06,57,47,43.7053,-72.2856,178,NH,HANOVER,"HANOVER, NH (USC00273850)"
USC00273850,1916,1916-02-18,1916-04-20,62,29,43.7053,-72.2856,178,NH,HANOVER,"HANOVER, NH (USC00273850)"
USC00273850,1917,1917-02-20,1917-04-26,65,45,43.7053,-72.2856,178,NH,HANOVER,"HANOVER, NH (USC00273850)"
USC00273850,1918,1918-02-14,1918-04-25,70,41,43.7053,-72.2856,178,NH,HANOVER,"HANOVER, NH (USC00273850)"
USC00273850,1919,1919-02-05,1919-04-26,80,37,43.7053,-72.2856,178,NH,HANOVER,"HANOVER, NH (USC00273850)"
USC00273850,1920,1920-02-09,1920-04-29,80,44,43.7053,-72.2856,178,NH,HANOVER,"HANOVER, NH (USC00273850)"
USC00273850,1921,1921-02-04,1921-04-11,66,37,43.7053,-72.2856,178,NH,HANOVER,"HANOVER, NH (USC00273850)"
USC00273850,1922,1922-02-03,1922-04-28,84,49,43.7053,-72.2856,178,NH,HANOVER,"HANOVER, NH (USC00273850)"
USC00273850,1923,1923-03-01,1923-04-25,55,36,43.7053,-72.2856,178,NH,HANOVER,"HANOVER, NH (USC00273850)"
USC00273850,1924,1924-02-26,1924-04-25,59,43,43.7053,-72.2856,178,NH,HANOVER,"HANOVER, NH (USC00273850)"
USC00273850,1925,1925-02-08,1925-04-21,72,48,43.7053,-72.2856,178,NH,HANOVER,"HANOVER, NH (USC00273850)"
USC00273850,1926,1926-02-16,1926-04-28,71,47,43.7053,-72.2856,178,NH,HANOVER,"HANOVER, NH (USC00273850)"
USC00273850,1927,1927-02-10,1927-04-29,78,48,43.7053,-72.2856,178,NH,HANOVER,"HANOVER, NH (USC00273850)"
USC00273850,1928,1928-03-01,1928-04-28,58,50,43.7053,-72.2856,178,NH,HANOVER,"HANOVER, NH (USC00273850)"
USC00273850,1929,1929-02-08,1929-04-23,74,40,43.7053,-72.2856,178,NH,HANOVER,"HANOVER, NH (USC00273850)"
USC00273850,1930,1930-02-25,1930-04-26,60,49,43.7053,-72.2856,178,NH,HANOVER,"HANOVER, NH (USC00273850)"
USC00273850,1931,1931-02-14,1931-04-30,75,46,43.7053,-72.2856,178,NH,HANOVER,"HANOVER, NH (USC00273850)"
USC00273850,1932,1932-02-08,1932-04-27,79,42,43.7053,-72.2856,178,NH,HANOVER,"HANOVER, NH (USC00273850)"
USC00273850,1933,1933-02-15,1933-04-27,71,45,43.7053,-72.2856,178,NH,HANOVER,"HANOVER, NH (USC00273850)"
USC00273850,1934,1934-03-04,1934-04-28,55,34,43.7053,-72.2856,178,NH,HANOVER,"HANOVER, NH (USC00273850)"
USC00273850,1935,1935-02-16,1935-04-18,61,50,43.7053,-72.2856,178,NH,HANOVER,"HANOVER, NH (USC00273850)"
USC00273850,1936,1936-02-18,1936-04-24,66,31,43.7053,-72.2856,178,NH,HANOVER,"HANOVER, NH (USC00273850)"
USC00273850,1937,1937-02-12,1937-04-23,70,49,43.7053,-72.2856,178,NH,HANOVER,"HANOVER, NH (USC00273850)"
USC00273850,1938,1938-02-06,1938-04-10,63,44,43.7053,-72.2856,178,NH,HANOVER,"HANOVER, NH (USC00273850)"
USC00273850,1939,1939-02-09,1939-04-24,74,48,43.7053,-72.2856,178,NH,HANOVER,"HANOVER, NH (USC00273850)"
USC00273850,1940,1940-02-19,1940-04-22,63,47,43.7053,-72.2856,178,NH,HANOVER,"HANOVER, NH (USC00273850)"
USC00273850,1941,1941-02-08,1941-04-07,58,41,43.7053,-72.2856,178,NH,HANOVER,"HANOVER, NH (USC00273850)"
USC00273850,1942,1942-02-08,1942-04-13,64,44,43.7053,-72.2856,178,NH,HANOVER,"HANOVER, NH (USC00273850)"
USC00273850,1943,1943-02-07,1943-04-30,82,49,43.7053,-72.2856,178,NH,HANOVER,"HANOVER, NH (USC00273850)"
USC00273850,1944,1944-02-18,1944-04-21,63,48,43.7053,-72.2856,178,NH,HANOVER,"HANOVER, NH (USC00273850)"
USC00273850,1945,1945-02-11,1945-04-23,71,32,43.7053,-72.2856,178,NH,HANOVER,"HANOVER, NH (USC00273850)"
USC00273850,1946,1946-03-02,1946-04-29,58,30,43.7053,-72.2856,178,NH,HANOVER,"HANOVER, NH (USC00273850)"
USC00273850,1947,1947-02-16,1947-04-29,72,56,43.7053,-72.2856,178,NH,HANOVER,"HANOVER, NH (USC00273850)"
USC00273850,1948,1948-02-17,1948-04-29,72,34,43.7053,-72.2856,178,NH,HANOVER,"HANOVER, NH (USC00273850)"
USC00273850,1949,1949-02-09,1949-04-19,69,36,43.7053,-72.2856,178,NH,HANOVER,"HANOVER, NH (USC00273850)"
USC00273850,1950,1950-02-11,1950-04-24,72,41,43.7053,-72.2856,178,NH,HANOVER,"HANOVER, NH (USC00273850)"
USC00273850,1951,1951-02-04,1951-04-21,76,48,43.7053,-72.2856,178,NH,HANOVER,"HANOVER, NH (USC00273850)"
USC00273850,1952,1952-02-08,1952-04-13,65,46,43.7053,-72.2856,178,NH,HANOVER,"HANOVER, NH (USC00273850)"
USC00273850,1953,1953-02-09,1953-04-20,70,30,43.7053,-72.2856,178,NH,HANOVER,"HANOVER, NH (USC00273850)"
USC00273850,1954,1954-02-04,1954-04-12,67,49,43.7053,-72.2856,178,NH,HANOVER,"HANOVER, NH (USC00273850)"
USC00273850,1955,1955-02-17,1955-04-27,69,43,43.7053,-72.2856,178,NH,HANOVER,"HANOVER, NH (USC00273850)"
USC00273850,1956,1956-02-07,1956-04-26,79,60,43.7053,-72.2856,178,NH,HANOVER,"HANOVER, NH (USC00273850)"
USC00273850,1957,1957-02-04,1957-04-15,70,54,43.7053,-72.2856,178,NH,HANOVER,"HANOVER, NH (USC00273850)"
USC00273850,1958,1958-02-24,1958-04-26,61,45,43.7053,-72.2856,178,NH,HANOVER,"HANOVER, NH (USC00273850)"
USC00273850,1959,1959-02-05,1959-04-21,75,38,43.7053,-72.2856,178,NH,HANOVER,"HANOVER, NH (USC00273850)"
USC00273850,1960,1960-02-05,1960-04-20,75,48,43.7053,-72.2856,178,NH,HANOVER,"HANOVER, NH (USC00273850)"
USC00273850,1961,1961-02-09,1961-04-19,69,55,43.7053,-72.2856,178,NH,HANOVER,"HANOVER, NH (USC00273850)"
USC00273850,1962,1962-02-06,1962-04-24,77,41,43.7053,-72.2856,178,NH,HANOVER,"HANOVER, NH (USC00273850)"
USC00273850,1963,1963-02-20,1963-04-26,65,44,43.7053,-72.2856,178,NH,HANOVER,"HANOVER, NH (USC00273850)"
USC00273850,1964,1964-02-04,1964-04-06,62,47,43.7053,-72.2856,178,NH,HANOVER,"HANOVER, NH (USC00273850)"
USC00273850,1965,1965-02-12,1965-04-24,71,19,43.7053,-72.2856,178,NH,HANOVER,"HANOVER, NH (USC00273850)"
USC00273850,1966,1966-02-26,1966-04-28,61,48,43.7053,-72.2856,178,NH,HANOVER,"HANOVER, NH (USC00273850)"
USC00273850,1967,1967-02-16,1967-04-25,68,42,43.7053,-72.2856,178,NH,HANOVER,"HANOVER, NH (USC00273850)"
USC00273850,1968,1968-02-03,1968-04-06,63,22,43.7053,-72.2856,178,NH,HANOVER,"HANOVER, NH (USC00273850)"
USC00273850,1969,1969-02-13,1969-04-20,66,47,43.7053,-72.2856,178,NH,HANOVER,"HANOVER, NH (USC00273850)"
USC00273850,1970,1970-02-04,1970-04-23,78,59,43.7053,-72.2856,178,NH,HANOVER,"HANOVER, NH (USC00273850)"
USC00273850,1971,1971-02-08,1971-04-18,69,53,43.7053,-72.2856,178,NH,HANOVER,"HANOVER, NH (USC00273850)"
USC00273850,1972,1972-02-15,1972-04-27,72,46,43.7053,-72.2856,178,NH,HANOVER,"HANOVER, NH (USC00273850)"
USC00273850,1973,1973-02-04,1973-04-14,69,48,43.7053,-72.2856,178,NH,HANOVER,"HANOVER, NH (USC00273850)"
USC00273850,1974,1974-02-22,1974-04-26,63,38,43.7053,-72.2856,178,NH,HANOVER,"HANOVER, NH (USC00273850)"
USC00273850,1975,1975-02-17,1975-04-28,70,51,43.7053,-72.2856,178,NH,HANOVER,"HANOVER, NH (USC00273850)"
USC00273850,1976,1976-02-04,1976-04-26,82,43,43.7053,-72.2856,178,NH,HANOVER,"HANOVER, NH (USC00273850)"
USC00273850,1977,1977-02-11,1977-04-29,77,35,43.7053,-72.2856,178,NH,HANOVER,"HANOVER, NH (USC00273850)"
USC00273850,1978,1978-02-24,1978-04-30,65,38,43.7053,-72.2856,178,NH,HANOVER,"HANOVER, NH (USC00273850)"
USC00273850,1979,1979-02-23,1979-03-13,18,15,43.7053,-72.2856,178,NH,HANOVER,"HANOVER, NH (USC00273850)"
USC00273850,1980,1980-02-21,1980-04-22,61,31,43.7053,-72.2856,178,NH,HANOVER,"HANOVER, NH (USC00273850)"
USC00273850,1981,1981-02-16,1981-04-23,66,36,43.7053,-72.2856,178,NH,HANOVER,"HANOVER, NH (USC00273850)"
USC00273850,1982,1982-02-04,1982-04-22,77,50,43.7053,-72.2856,178,NH,HANOVER,"HANOVER, NH (USC00273850)"
USC00273850,1983,1983-02-04,1983-04-21,76,48,43.7053,-72.2856,178,NH,HANOVER,"HANOVER, NH (USC00273850)"
USC00273850,1984,1984-02-05,1984-04-10,65,31,43.7053,-72.2856,178,NH,HANOVER,"HANOVER, NH (USC00273850)"
USC00273850,1985,1985-02-12,1985-04-19,66,47,43.7053,-72.2856,178,NH,HANOVER,"HANOVER, NH (USC00273850)"
USC00273850,1986,1986-02-11,1986-04-12,60,40,43.7053,-72.2856,178,NH,HANOVER,"HANOVER, NH (USC00273850)"
USC00273850,1987,1987-02-03,1987-04-29,85,38,43.7053,-72.2856,178,NH,HANOVER,"HANOVER, NH (USC00273850)"
USC00273850,1988,1988-02-17,1988-04-21,64,49,43.7053,-72.2856,178,NH,HANOVER,"HANOVER, NH (USC00273850)"
USC00273850,1989,1989-02-13,1989-04-24,70,49,43.7053,-72.2856,178,NH,HANOVER,"HANOVER, NH (USC00273850)"
USC00273850,1990,1990-02-07,1990-04-18,70,44,43.7053,-72.2856,178,NH,HANOVER,"HANOVER, NH (USC00273850)"
USC00273850,1991,1991-02-08,1991-04-22,73,37,43.7053,-72.2856,178,NH,HANOVER,"HANOVER, NH (USC00273850)"
USC00273850,1992,1992-02-14,1992-04-18,64,47,43.7053,-72.2856,178,NH,HANOVER,"HANOVER, NH (USC00273850)"
USC00273850,1993,1993-02-12,1993-04-15,62,33,43.7053,-72.2856,178,NH,HANOVER,"HANOVER, NH (USC00273850)"
USC00273850,1994,1994-02-19,1994-04-22,62,37,43.7053,-72.2856,178,NH,HANOVER,"HANOVER, NH (USC00273850)"
USC00273850,1995,1995-02-18,1995-04-30,71,40,43.7053,-72.2856,178,NH,HANOVER,"HANOVER, NH (USC00273850)"
USC00273850,1996,1996-02-10,1996-04-29,79,34,43.7053,-72.2856,178,NH,HANOVER,"HANOVER, NH (USC00273850)"
USC00273850,1997,1997-02-21,1997-04-24,62,45,43.7053,-72.2856,178,NH,HANOVER,"HANOVER, NH (USC00273850)"
USC00273850,1998,1998-02-03,1998-04-27,83,43,43.7053,-72.2856,178,NH,HANOVER,"HANOVER, NH (USC00273850)"
USC00273850,1999,1999-02-05,1999-04-25,79,38,43.7053,-72.2856,178,NH,HANOVER,"HANOVER, NH (USC00273850)"
USC00273850,2000,2000-02-10,2000-04-17,67,39,43.7053,-72.2856,178,NH,HANOVER,"HANOVER, NH (USC00273850)"
USC00273850,2001,2001-02-08,2001-04-19,70,45,43.7053,-72.2856,178,NH,HANOVER,"HANOVER, NH (USC00273850)"
USC00273850,2002,2002-02-09,2002-04-30,80,44,43.7053,-72.2856,178,NH,HANOVER,"HANOVER, NH (USC00273850)"
USC00273850,2003,2003-02-03,2003-04-24,80,37,43.7053,-72.2856,178,NH,HANOVER,"HANOVER, NH (USC00273850)"
USC00273850,2004,2004-02-10,2004-04-25,75,46,43.7053,-72.2856,178,NH,HANOVER,"HANOVER, NH (USC00273850)"
USC00273850,2005,2005-02-03,2005-04-15,71,39,43.7053,-72.2856,178,NH,HANOVER,"HANOVER, NH (USC00273850)"
USC00273850,2006,2006-02-04,2006-04-09,64,31,43.7053,-72.2856,178,NH,HANOVER,"HANOVER, NH (USC00273850)"
USC00273850,2007,2007-02-27,2007-04-15,47,36,43.7053,-72.2856,178,NH,HANOVER,"HANOVER, NH (USC00273850)"
USC00273850,2008,2008-02-04,2008-04-30,86,53,43.7053,-72.2856,178,NH,HANOVER,"HANOVER, NH (USC00273850)"
USC00273850,2009,2009-02-14,2009-04-13,58,40,43.7053,-72.2856,178,NH,HANOVER,"HANOVER, NH (USC00273850)"
USC00273850,2010,2010-02-11,2010-04-29,77,30,43.7053,-72.2856,178,NH,HANOVER,"HANOVER, NH (USC00273850)"
USC00273850,2011,2011-02-08,2011-04-16,67,40,43.7053,-72.2856,178,NH,HANOVER,"HANOVER, NH (USC00273850)"
USC00273850,2012,2012-02-07,2012-04-29,82,40,43.7053,-72.2856,178,NH,HANOVER,"HANOVER, NH (USC00273850)"
USC00273850,2013,2013-02-14,2013-04-13,58,48,43.7053,-72.2856,178,NH,HANOVER,"HANOVER, NH (USC00273850)"
USC00273850,2014,2014-02-03,2014-04-19,75,28,43.7053,-72.2856,178,NH,HANOVER,"HANOVER, NH (USC00273850)"
USC00273850,2015,2015-03-07,2015-04-25,49,32,43.7053,-72.2856,178,NH,HANOVER,"HANOVER, NH (USC00273850)"
USC00273850,2016,2016-02-03,2016-04-13,70,41,43.7053,-72.2856,178,NH,HANOVER,"HANOVER, NH (USC00273850)"
USC00273850,2017,2017-02-08,2017-04-05,56,32,43.7053,-72.2856,178,NH,HANOVER,"HANOVER, NH (USC00273850)"
USC00273850,2018,2018-02-12,2018-04-18,65,54,43.7053,-72.2856,178,NH,HANOVER,"HANOVER, NH (USC00273850)"
USC00273850,2019,2019-02-09,2019-04-29,79,46,43.7053,-72.2856,178,NH,HANOVER,"HANOVER, NH (USC00273850)"
USC00273850,2020,2020-02-03,2020-04-27,84,45,43.7053,-72.2856,178,NH,HANOVER,"HANOVER, NH (USC00273850)"
USC00273850,2021,2021-02-05,2021-04-22,76,28,43.7053,-72.2856,178,NH,HANOVER,"HANOVER, NH (USC00273850)"
USC00273850,2022,2022-02-10,2022-04-17,66,34,43.7053,-72.2856,178,NH,HANOVER,"HANOVER, NH (USC00273850)"
USC00273850,2023,2023-02-07,2023-04-09,61,44,43.7053,-72.2856,178,NH,HANOVER,"HANOVER, NH (USC00273850)"
USC00273850,2024,2024-02-03,2024-04-25,82,42,43.7053,-72.2856,178,NH,HANOVER,"HANOVER, NH (USC00273850)"
USC00273850,2025,2025-02-24,2025-04-09,44,22,43.7053,-72.2856,178,NH,HANOVER,"HANOVER, NH (USC00273850)"
USC00301966,1906,1906-02-14,1906-04-28,73,42,44.7192,-73.7206,408.4,NY,DANNEMORA,"DANNEMORA, NY (USC00301966)"
USC00301966,1907,1907-02-17,1907-04-27,69,40,44.7192,-73.7206,408.4,NY,DANNEMORA,"DANNEMORA, NY (USC00301966)"
USC00301966,1908,1908-03-09,1908-04-22,44,33,44.7192,-73.7206,408.4,NY,DANNEMORA,"DANNEMORA, NY (USC00301966)"
USC00301966,1909,1909-02-12,1909-04-30,77,44,44.7192,-73.7206,408.4,NY,DANNEMORA,"DANNEMORA, NY (USC00301966)"
USC00301966,1910,1910-02-10,1910-04-29,78,32,44.7192,-73.7206,408.4,NY,DANNEMORA,"DANNEMORA, NY (USC00301966)"
USC00301966,1911,1911-02-27,1911-04-23,55,38,44.7192,-73.7206,408.4,NY,DANNEMORA,"DANNEMORA, NY (USC00301966)"
USC00301966,1912,1912-02-20,1912-04-29,69,39,44.7192,-73.7206,408.4,NY,DANNEMORA,"DANNEMORA, NY (USC00301966)"
USC00301966,1913,1913-02-23,1913-04-21,57,28,44.7192,-73.7206,408.4,NY,DANNEMORA,"DANNEMORA, NY (USC00301966)"
USC00301966,1914,1914-03-01,1914-04-30,60,43,44.7192,-73.7206,408.4,NY,DANNEMORA,"DANNEMORA, NY (USC00301966)"
USC00301966,1915,1915-02-07,1915-04-21,73,30,44.7192,-73.7206,408.4,NY,DANNEMORA,"DANNEMORA, NY (USC00301966)"
USC00301966,1916,1916-04-04,1916-04-19,15,22,44.7192,-73.7206,408.4,NY,DANNEMORA,"DANNEMORA, NY (USC00301966)"
USC00301966,1917,1917-03-09,1917-04-29,51,38,44.7192,-73.7206,408.4,NY,DANNEMORA,"DANNEMORA, NY (USC00301966)"
USC00301966,1918,1918-02-13,1918-04-25,71,34,44.7192,-73.7206,408.4,NY,DANNEMORA,"DANNEMORA, NY (USC00301966)"
USC00301966,1919,1919-02-15,1919-04-27,71,38,44.7192,-73.7206,408.4,NY,DANNEMORA,"DANNEMORA, NY (USC00301966)"
USC00301966,1920,1920-03-17,1920-04-25,39,34,44.7192,-73.7206,408.4,NY,DANNEMORA,"DANNEMORA, NY (USC00301966)"
USC00301966,1921,1921-03-01,1921-03-30,29,23,44.7192,-73.7206,408.4,NY,DANNEMORA,"DANNEMORA, NY (USC00301966)"
USC00301966,1922,1922-02-03,1922-04-30,86,43,44.7192,-73.7206,408.4,NY,DANNEMORA,"DANNEMORA, NY (USC00301966)"
USC00301966,1923,1923-03-02,1923-04-25,54,35,44.7192,-73.7206,408.4,NY,DANNEMORA,"DANNEMORA, NY (USC00301966)"
USC00301966,1924,1924-03-06,1924-04-26,51,36,44.7192,-73.7206,408.4,NY,DANNEMORA,"DANNEMORA, NY (USC00301966)"
USC00301966,1925,1925-02-14,1925-04-28,73,46,44.7192,-73.7206,408.4,NY,DANNEMORA,"DANNEMORA, NY (USC00301966)"
USC00301966,1926,1926-03-23,1926-04-30,38,24,44.7192,-73.7206,408.4,NY,DANNEMORA,"DANNEMORA, NY (USC00301966)"
USC00301966,1927,1927-02-11,1927-04-30,78,47,44.7192,-73.7206,408.4,NY,DANNEMORA,"DANNEMORA, NY (USC00301966)"
USC00301966,1928,1928-02-07,1928-04-29,82,35,44.7192,-73.7206,408.4,NY,DANNEMORA,"DANNEMORA, NY (USC00301966)"
USC00301966,1929,1929-03-06,1929-04-30,55,41,44.7192,-73.7206,408.4,NY,DANNEMORA,"DANNEMORA, NY (USC00301966)"
USC00301966,1930,1930-03-08,1930-04-28,51,39,44.7192,-73.7206,408.4,NY,DANNEMORA,"DANNEMORA, NY (USC00301966)"
USC00301966,1931,1931-02-14,1931-04-30,75,44,44.7192,-73.7206,408.4,NY,DANNEMORA,"DANNEMORA, NY (USC00301966)"
USC00301966,1932,1932-02-06,1932-04-27,81,42,44.7192,-73.7206,408.4,NY,DANNEMORA,"DANNEMORA, NY (USC00301966)"
USC00301966,1933,1933-02-03,1933-04-28,84,39,44.7192,-73.7206,408.4,NY,DANNEMORA,"DANNEMORA, NY (USC00301966)"
USC00301966,1934,1934-03-03,1934-04-29,57,40,44.7192,-73.7206,408.4,NY,DANNEMORA,"DANNEMORA, NY (USC00301966)"
USC00301966,1935,1935-03-04,1935-04-18,45,33,44.7192,-73.7206,408.4,NY,DANNEMORA,"DANNEMORA, NY (USC00301966)"
USC00301966,1936,1936-02-27,1936-04-27,60,32,44.7192,-73.7206,408.4,NY,DANNEMORA,"DANNEMORA, NY (USC00301966)"
USC00301966,1937,1937-02-12,1937-04-24,71,40,44.7192,-73.7206,408.4,NY,DANNEMORA,"DANNEMORA, NY (USC00301966)"
USC00301966,1938,1938-02-07,1938-04-23,75,35,44.7192,-73.7206,408.4,NY,DANNEMORA,"DANNEMORA, NY (USC00301966)"
USC00301966,1939,1939-02-11,1939-04-28,76,40,44.7192,-73.7206,408.4,NY,DANNEMORA,"DANNEMORA, NY (USC00301966)"
USC00301966,1940,1940-02-20,1940-04-23,63,33,44.7192,-73.7206,408.4,NY,DANNEMORA,"DANNEMORA, NY (USC00301966)"
USC00301966,1941,1941-02-15,1941-04-22,66,28,44.7192,-73.7206,408.4,NY,DANNEMORA,"DANNEMORA, NY (USC00301966)"
USC00301966,1942,1942-03-02,1942-04-21,50,47,44.7192,-73.7206,408.4,NY,DANNEMORA,"DANNEMORA, NY (USC00301966)"
USC00301966,1943,1943-02-06,1943-04-29,82,43,44.7192,-73.7206,408.4,NY,DANNEMORA,"DANNEMORA, NY (USC00301966)"
USC00301966,1944,1944-02-20,1944-04-28,68,45,44.7192,-73.7206,408.4,NY,DANNEMORA,"DANNEMORA, NY (USC00301966)"
USC00301966,1945,1945-02-23,1945-04-24,60,36,44.7192,-73.7206,408.4,NY,DANNEMORA,"DANNEMORA, NY (USC00301966)"
USC00301966,1947,1947-02-16,1947-04-28,71,39,44.7192,-73.7206,408.4,NY,DANNEMORA,"DANNEMORA, NY (USC00301966)"
USC00301966,1948,1948-02-17,1948-04-28,71,31,44.7192,-73.7206,408.4,NY,DANNEMORA,"DANNEMORA, NY (USC00301966)"
USC00301966,1949,1949-02-09,1949-04-29,79,43,44.7192,-73.7206,408.4,NY,DANNEMORA,"DANNEMORA, NY (USC00301966)"
USC00301966,1950,1950-02-11,1950-04-29,77,40,44.7192,-73.7206,408.4,NY,DANNEMORA,"DANNEMORA, NY (USC00301966)"
USC00301966,1951,1951-02-18,1951-04-24,65,45,44.7192,-73.7206,408.4,NY,DANNEMORA,"DANNEMORA, NY (USC00301966)"
USC00301966,1952,1952-02-04,1952-04-12,68,35,44.7192,-73.7206,408.4,NY,DANNEMORA,"DANNEMORA, NY (USC00301966)"
USC00301966,1953,1953-02-09,1953-04-29,79,33,44.7192,-73.7206,408.4,NY,DANNEMORA,"DANNEMORA, NY (USC00301966)"
USC00301966,1954,1954-02-04,1954-04-24,79,43,44.7192,-73.7206,408.4,NY,DANNEMORA,"DANNEMORA, NY (USC00301966)"
USC00301966,1955,1955-02-19,1955-04-09,49,39,44.7192,-73.7206,408.4,NY,DANNEMORA,"DANNEMORA, NY (USC00301966)"
USC00301966,1956,1956-02-09,1956-04-25,76,48,44.7192,-73.7206,408.4,NY,DANNEMORA,"DANNEMORA, NY (USC00301966)"
USC00301966,1957,1957-02-07,1957-04-15,67,51,44.7192,-73.7206,408.4,NY,DANNEMORA,"DANNEMORA, NY (USC00301966)"
USC00301966,1958,1958-02-27,1958-04-28,60,40,44.7192,-73.7206,408.4,NY,DANNEMORA,"DANNEMORA, NY (USC00301966)"
USC00301966,1959,1959-02-05,1959-04-28,82,43,44.7192,-73.7206,408.4,NY,DANNEMORA,"DANNEMORA, NY (USC00301966)"
USC00301966,1960,1960-02-06,1960-04-20,74,29,44.7192,-73.7206,408.4,NY,DANNEMORA,"DANNEMORA, NY (USC00301966)"
USC00301966,1961,1961-02-10,1961-04-30,79,48,44.7192,-73.7206,408.4,NY,DANNEMORA,"DANNEMORA, NY (USC00301966)"
USC00301966,1962,1962-02-06,1962-04-25,78,42,44.7192,-73.7206,408.4,NY,DANNEMORA,"DANNEMORA, NY (USC00301966)"
USC00301966,1963,1963-02-20,1963-04-26,65,37,44.7192,-73.7206,408.4,NY,DANNEMORA,"DANNEMORA, NY (USC00301966)"
USC00301966,1964,1964-02-08,1964-04-20,72,39,44.7192,-73.7206,408.4,NY,DANNEMORA,"DANNEMORA, NY (USC00301966)"
USC00301966,1965,1965-02-09,1965-04-25,75,37,44.7192,-73.7206,408.4,NY,DANNEMORA,"DANNEMORA, NY (USC00301966)"
USC00301966,1966,1966-02-12,1966-04-28,75,43,44.7192,-73.7206,408.4,NY,DANNEMORA,"DANNEMORA, NY (USC00301966)"
USC00301966,1967,1967-02-16,1967-04-26,69,37,44.7192,-73.7206,408.4,NY,DANNEMORA,"DANNEMORA, NY (USC00301966)"
USC00301966,1968,1968-02-03,1968-04-28,85,23,44.7192,-73.7206,408.4,NY,DANNEMORA,"DANNEMORA, NY (USC00301966)"
USC00301966,1969,1969-02-23,1969-04-26,62,41,44.7192,-73.7206,408.4,NY,DANNEMORA,"DANNEMORA, NY (USC00301966)"
USC00301966,1970,1970-02-03,1970-04-20,76,49,44.7192,-73.7206,408.4,NY,DANNEMORA,"DANNEMORA, NY (USC00301966)"
USC00301966,1971,1971-02-20,1971-04-25,64,46,44.7192,-73.7206,408.4,NY,DANNEMORA,"DANNEMORA, NY (USC00301966)"
USC00301966,1972,1972-02-14,1972-04-28,74,44,44.7192,-73.7206,408.4,NY,DANNEMORA,"DANNEMORA, NY (USC00301966)"
USC00301966,1973,1973-02-04,1973-04-30,85,40,44.7192,-73.7206,408.4,NY,DANNEMORA,"DANNEMORA, NY (USC00301966)"
USC00301966,1974,1974-02-21,1974-04-25,63,36,44.7192,-73.7206,408.4,NY,DANNEMORA,"DANNEMORA, NY (USC00301966)"
USC00301966,1975,1975-02-18,1975-04-28,69,54,44.7192,-73.7206,408.4,NY,DANNEMORA,"DANNEMORA, NY (USC00301966)"
USC00301966,1976,1976-02-13,1976-04-27,74,42,44.7192,-73.7206,408.4,NY,DANNEMORA,"DANNEMORA, NY (USC00301966)"
USC00301966,1977,1977-02-13,1977-04-29,75,35,44.7192,-73.7206,408.4,NY,DANNEMORA,"DANNEMORA, NY (USC00301966)"
USC00301966,1978,1978-03-09,1978-04-24,46,39,44.7192,-73.7206,408.4,NY,DANNEMORA,"DANNEMORA, NY (USC00301966)"
USC00301966,1979,1979-02-22,1979-04-16,53,40,44.7192,-73.7206,408.4,NY,DANNEMORA,"DANNEMORA, NY (USC00301966)"
USC00301966,1980,1980-02-21,1980-04-22,61,35,44.7192,-73.7206,408.4,NY,DANNEMORA,"DANNEMORA, NY (USC00301966)"
USC00301966,1981,1981-02-27,1981-04-22,54,33,44.7192,-73.7206,408.4,NY,DANNEMORA,"DANNEMORA, NY (USC00301966)"
USC00301966,1982,1982-03-07,1982-04-15,39,35,44.7192,-73.7206,408.4,NY,DANNEMORA,"DANNEMORA, NY (USC00301966)"
USC00301966,1983,1983-02-03,1983-04-23,79,47,44.7192,-73.7206,408.4,NY,DANNEMORA,"DANNEMORA, NY (USC00301966)"
USC00301966,1984,1984-02-05,1984-04-22,77,30,44.7192,-73.7206,408.4,NY,DANNEMORA,"DANNEMORA, NY (USC00301966)"
USC00301966,1985,1985-02-12,1985-04-13,60,39,44.7192,-73.7206,408.4,NY,DANNEMORA,"DANNEMORA, NY (USC00301966)"
USC00301966,1986,1986-02-20,1986-04-23,62,29,44.7192,-73.7206,408.4,NY,DANNEMORA,"DANNEMORA, NY (USC00301966)"
USC00301966,1987,1987-02-28,1987-04-30,61,21,44.7192,-73.7206,408.4,NY,DANNEMORA,"DANNEMORA, NY (USC00301966)"
USC00301966,1988,1988-02-17,1988-04-26,69,36,44.7192,-73.7206,408.4,NY,DANNEMORA,"DANNEMORA, NY (USC00301966)"
USC00301966,1989,1989-02-22,1989-04-29,66,34,44.7192,-73.7206,408.4,NY,DANNEMORA,"DANNEMORA, NY (USC00301966)"
USC00301966,1990,1990-02-08,1990-04-18,69,37,44.7192,-73.7206,408.4,NY,DANNEMORA,"DANNEMORA, NY (USC00301966)"
USC00301966,1991,1991-02-09,1991-04-14,64,35,44.7192,-73.7206,408.4,NY,DANNEMORA,"DANNEMORA, NY (USC00301966)"
USC00301966,1992,1992-02-19,1992-04-18,59,39,44.7192,-73.7206,408.4,NY,DANNEMORA,"DANNEMORA, NY (USC00301966)"
USC00301966,1993,1993-03-03,1993-04-27,55,26,44.7192,-73.7206,408.4,NY,DANNEMORA,"DANNEMORA, NY (USC00301966)"
USC00301966,1994,1994-03-06,1994-04-23,48,36,44.7192,-73.7206,408.4,NY,DANNEMORA,"DANNEMORA, NY (USC00301966)"
USC00301966,1995,1995-02-18,1995-04-25,66,37,44.7192,-73.7206,408.4,NY,DANNEMORA,"DANNEMORA, NY (USC00301966)"
USC00301966,1996,1996-02-27,1996-04-29,62,46,44.7192,-73.7206,408.4,NY,DANNEMORA,"DANNEMORA, NY (USC00301966)"
USC00301966,1997,1997-02-21,1997-04-19,57,35,44.7192,-73.7206,408.4,NY,DANNEMORA,"DANNEMORA, NY (USC00301966)"
USC00301966,1998,1998-02-03,1998-04-27,83,37,44.7192,-73.7206,408.4,NY,DANNEMORA,"DANNEMORA, NY (USC00301966)"
USC00301966,1999,1999-02-04,1999-04-24,79,38,44.7192,-73.7206,408.4,NY,DANNEMORA,"DANNEMORA, NY (USC00301966)"
USC00301966,2000,2000-02-29,2000-04-26,57,29,44.7192,-73.7206,408.4,NY,DANNEMORA,"DANNEMORA, NY (USC00301966)"
USC00301966,2001,2001-03-10,2001-04-28,49,36,44.7192,-73.7206,408.4,NY,DANNEMORA,"DANNEMORA, NY (USC00301966)"
USC00301966,2002,2002-02-10,2002-04-30,79,43,44.7192,-73.7206,408.4,NY,DANNEMORA,"DANNEMORA, NY (USC00301966)"
USC00301966,2003,2003-02-03,2003-04-25,81,34,44.7192,-73.7206,408.4,NY,DANNEMORA,"DANNEMORA, NY (USC00301966)"
USC00301966,2004,2004-02-29,2004-04-28,59,34,44.7192,-73.7206,408.4,NY,DANNEMORA,"DANNEMORA, NY (USC00301966)"
USC00301966,2005,2005-02-04,2005-04-22,77,29,44.7192,-73.7206,408.4,NY,DANNEMORA,"DANNEMORA, NY (USC00301966)"
USC00301966,2006,2006-02-03,2006-04-28,84,31,44.7192,-73.7206,408.4,NY,DANNEMORA,"DANNEMORA, NY (USC00301966)"
USC00301966,2007,2007-03-12,2007-04-18,37,30,44.7192,-73.7206,408.4,NY,DANNEMORA,"DANNEMORA, NY (USC00301966)"
USC00301966,2008,2008-02-19,2008-04-30,71,41,44.7192,-73.7206,408.4,NY,DANNEMORA,"DANNEMORA, NY (USC00301966)"
USC00301966,2009,2009-02-20,2009-04-20,59,43,44.7192,-73.7206,408.4,NY,DANNEMORA,"DANNEMORA, NY (USC00301966)"
USC00301966,2010,2010-02-23,2010-04-28,64,28,44.7192,-73.7206,408.4,NY,DANNEMORA,"DANNEMORA, NY (USC00301966)"
USC00301966,2011,2011-02-07,2011-04-23,75,46,44.7192,-73.7206,408.4,NY,DANNEMORA,"DANNEMORA, NY (USC00301966)"
USC00301966,2012,2012-02-08,2012-04-30,82,43,44.7192,-73.7206,408.4,NY,DANNEMORA,"DANNEMORA, NY (USC00301966)"
USC00301966,2013,2013-02-28,2013-04-23,54,38,44.7192,-73.7206,408.4,NY,DANNEMORA,"DANNEMORA, NY (USC00301966)"
USC00301966,2014,2014-02-22,2014-04-27,64,29,44.7192,-73.7206,408.4,NY,DANNEMORA,"DANNEMORA, NY (USC00301966)"
USC00301966,2015,2015-03-12,2015-04-25,44,28,44.7192,-73.7206,408.4,NY,DANNEMORA,"DANNEMORA, NY (USC00301966)"
USC00301966,2016,2016-02-03,2016-03-30,56,32,44.7192,-73.7206,408.4,NY,DANNEMORA,"DANNEMORA, NY (USC00301966)"
USC00301966,2017,2017-03-19,2017-04-18,30,27,44.7192,-73.7206,408.4,NY,DANNEMORA,"DANNEMORA, NY (USC00301966)"
USC00301966,2018,2018-02-15,2018-04-22,66,50,44.7192,-73.7206,408.4,NY,DANNEMORA,"DANNEMORA, NY (USC00301966)"
USC00301966,2019,2019-02-06,2019-04-29,82,40,44.7192,-73.7206,408.4,NY,DANNEMORA,"DANNEMORA, NY (USC00301966)"
USC00301966,2020,2020-02-04,2020-04-24,80,47,44.7192,-73.7206,408.4,NY,DANNEMORA,"DANNEMORA, NY (USC00301966)"
USC00301966,2021,2021-02-06,2021-04-26,79,27,44.7192,-73.7206,408.4,NY,DANNEMORA,"DANNEMORA, NY (USC00301966)"
USC00301966,2022,2022-02-09,2022-04-29,79,40,44.7192,-73.7206,408.4,NY,DANNEMORA,"DANNEMORA, NY (USC00301966)"
USC00301966,2023,2023-02-06,2023-04-26,79,53,44.7192,-73.7206,408.4,NY,DANNEMORA,"DANNEMORA, NY (USC00301966)"
USC00301966,2024,2024-02-04,2024-04-26,82,46,44.7192,-73.7206,408.4,NY,DANNEMORA,"DANNEMORA, NY (USC00301966)"
USC00301966,2025,2025-02-27,2025-04-21,53,33,44.7192,-73.7206,408.4,NY,DANNEMORA,"DANNEMORA, NY (USC00301966)"
USC00304555,1898,1898-02-09,1898-04-27,77,43,44.3042,-73.9839,575.5,NY,LAKE PLACID 2 S,"LAKE PLACID 2 S, NY (USC00304555)"
USC00304555,1899,1899-02-21,1899-04-17,55,36,44.3042,-73.9839,575.5,NY,LAKE PLACID 2 S,"LAKE PLACID 2 S, NY (USC00304555)"
USC00304555,1900,1900-02-11,1900-02-24,13,9,44.3042,-73.9839,575.5,NY,LAKE PLACID 2 S,"LAKE PLACID 2 S, NY (USC00304555)"
USC00304555,1909,1909-02-13,1909-04-30,76,44,44.3042,-73.9839,575.5,NY,LAKE PLACID 2 S,"LAKE PLACID 2 S, NY (USC00304555)"
USC00304555,1910,1910-03-05,1910-04-29,55,31,44.3042,-73.9839,575.5,NY,LAKE PLACID 2 S,"LAKE PLACID 2 S, NY (USC00304555)"
USC00304555,1911,1911-03-09,1911-04-24,46,37,44.3042,-73.9839,575.5,NY,LAKE PLACID 2 S,"LAKE PLACID 2 S, NY (USC00304555)"
USC00304555,1912,1912-02-19,1912-04-29,70,38,44.3042,-73.9839,575.5,NY,LAKE PLACID 2 S,"LAKE PLACID 2 S, NY (USC00304555)"
USC00304555,1913,1913-02-22,1913-04-30,67,37,44.3042,-73.9839,575.5,NY,LAKE PLACID 2 S,"LAKE PLACID 2 S, NY (USC00304555)"
USC00304555,1914,1914-03-02,1914-04-30,59,38,44.3042,-73.9839,575.5,NY,LAKE PLACID 2 S,"LAKE PLACID 2 S, NY (USC00304555)"
USC00304555,1915,1915-02-15,1915-04-30,74,40,44.3042,-73.9839,575.5,NY,LAKE PLACID 2 S,"LAKE PLACID 2 S, NY (USC00304555)"
USC00304555,1916,1916-02-26,1916-04-23,57,22,44.3042,-73.9839,575.5,NY,LAKE PLACID 2 S,"LAKE PLACID 2 S, NY (USC00304555)"
USC00304555,1917,1917-03-17,1917-04-28,42,33,44.3042,-73.9839,575.5,NY,LAKE PLACID 2 S,"LAKE PLACID 2 S, NY (USC00304555)"
USC00304555,1918,1918-02-14,1918-04-25,70,38,44.3042,-73.9839,575.5,NY,LAKE PLACID 2 S,"LAKE PLACID 2 S, NY (USC00304555)"
USC00304555,1919,1919-02-14,1919-04-27,72,42,44.3042,-73.9839,575.5,NY,LAKE PLACID 2 S,"LAKE PLACID 2 S, NY (USC00304555)"
USC00304555,1920,1920-03-13,1920-04-30,48,34,44.3042,-73.9839,575.5,NY,LAKE PLACID 2 S,"LAKE PLACID 2 S, NY (USC00304555)"
USC00304555,1921,1921-02-06,1921-04-18,71,33,44.3042,-73.9839,575.5,NY,LAKE PLACID 2 S,"LAKE PLACID 2 S, NY (USC00304555)"
USC00304555,1922,1922-02-03,1922-04-30,86,42,44.3042,-73.9839,575.5,NY,LAKE PLACID 2 S,"LAKE PLACID 2 S, NY (USC00304555)"
USC00304555,1923,1923-02-03,1923-04-25,81,38,44.3042,-73.9839,575.5,NY,LAKE PLACID 2 S,"LAKE PLACID 2 S, NY (USC00304555)"
USC00304555,1925,1925-02-07,1925-04-21,73,53,44.3042,-73.9839,575.5,NY,LAKE PLACID 2 S,"LAKE PLACID 2 S, NY (USC00304555)"
USC00304555,1926,1926-03-21,1926-04-30,40,38,44.3042,-73.9839,575.5,NY,LAKE PLACID 2 S,"LAKE PLACID 2 S, NY (USC00304555)"
USC00304555,1927,1927-02-25,1927-04-30,64,37,44.3042,-73.9839,575.5,NY,LAKE PLACID 2 S,"LAKE PLACID 2 S, NY (USC00304555)"
USC00304555,1928,1928-02-06,1928-04-30,84,37,44.3042,-73.9839,575.5,NY,LAKE PLACID 2 S,"LAKE PLACID 2 S, NY (USC00304555)"
USC00304555,1929,1929-02-08,1929-04-30,81,43,44.3042,-73.9839,575.5,NY,LAKE PLACID 2 S,"LAKE PLACID 2 S, NY (USC00304555)"
USC00304555,1930,1930-02-27,1930-04-27,59,41,44.3042,-73.9839,575.5,NY,LAKE PLACID 2 S,"LAKE PLACID 2 S, NY (USC00304555)"
USC00304555,1931,1931-02-24,1931-04-30,65,47,44.3042,-73.9839,575.5,NY,LAKE PLACID 2 S,"LAKE PLACID 2 S, NY (USC00304555)"
USC00304555,1932,1932-02-11,1932-04-28,77,40,44.3042,-73.9839,575.5,NY,LAKE PLACID 2 S,"LAKE PLACID 2 S, NY (USC00304555)"
USC00304555,1933,1933-02-20,1933-04-28,67,39,44.3042,-73.9839,575.5,NY,LAKE PLACID 2 S,"LAKE PLACID 2 S, NY (USC00304555)"
USC00304555,1934,1934-03-03,1934-04-28,56,32,44.3042,-73.9839,575.5,NY,LAKE PLACID 2 S,"LAKE PLACID 2 S, NY (USC00304555)"
USC00304555,1935,1935-03-04,1935-04-25,52,44,44.3042,-73.9839,575.5,NY,LAKE PLACID 2 S,"LAKE PLACID 2 S, NY (USC00304555)"
USC00304555,1936,1936-02-26,1936-04-25,59,44,44.3042,-73.9839,575.5,NY,LAKE PLACID 2 S,"LAKE PLACID 2 S, NY (USC00304555)"
USC00304555,1937,1937-02-19,1937-04-24,64,37,44.3042,-73.9839,575.5,NY,LAKE PLACID 2 S,"LAKE PLACID 2 S, NY (USC00304555)"
USC00304555,1938,1938-02-06,1938-04-12,65,35,44.3042,-73.9839,575.5,NY,LAKE PLACID 2 S,"LAKE PLACID 2 S, NY (USC00304555)"
USC00304555,1939,1939-03-05,1939-04-30,56,41,44.3042,-73.9839,575.5,NY,LAKE PLACID 2 S,"LAKE PLACID 2 S, NY (USC00304555)"
USC00304555,1940,1940-02-19,1940-04-27,68,38,44.3042,-73.9839,575.5,NY,LAKE PLACID 2 S,"LAKE PLACID 2 S, NY (USC00304555)"
USC00304555,1941,1941-02-14,1941-04-22,67,26,44.3042,-73.9839,575.5,NY,LAKE PLACID 2 S,"LAKE PLACID 2 S, NY (USC00304555)"
USC00304555,1942,1942-03-02,1942-04-21,50,43,44.3042,-73.9839,575.5,NY,LAKE PLACID 2 S,"LAKE PLACID 2 S, NY (USC00304555)"
USC00304555,1943,1943-02-21,1943-04-30,68,47,44.3042,-73.9839,575.5,NY,LAKE PLACID 2 S,"LAKE PLACID 2 S, NY (USC00304555)"
USC00304555,1944,1944-02-22,1944-04-27,65,50,44.3042,-73.9839,575.5,NY,LAKE PLACID 2 S,"LAKE PLACID 2 S, NY (USC00304555)"
USC00304555,1945,1945-02-28,1945-04-29,60,34,44.3042,-73.9839,575.5,NY,LAKE PLACID 2 S,"LAKE PLACID 2 S, NY (USC00304555)"
USC00304555,1946,1946-02-14,1946-04-29,74,39,44.3042,-73.9839,575.5,NY,LAKE PLACID 2 S,"LAKE PLACID 2 S, NY (USC00304555)"
USC00304555,1947,1947-02-17,1947-04-28,70,41,44.3042,-73.9839,575.5,NY,LAKE PLACID 2 S,"LAKE PLACID 2 S, NY (USC00304555)"
USC00304555,1948,1948-02-16,1948-04-30,74,34,44.3042,-73.9839,575.5,NY,LAKE PLACID 2 S,"LAKE PLACID 2 S, NY (USC00304555)"
USC00304555,1949,1949-02-09,1949-04-30,80,53,44.3042,-73.9839,575.5,NY,LAKE PLACID 2 S,"LAKE PLACID 2 S, NY (USC00304555)"
USC00304555,1950,1950-02-10,1950-04-30,79,40,44.3042,-73.9839,575.5,NY,LAKE PLACID 2 S,"LAKE PLACID 2 S, NY (USC00304555)"
USC00304555,1951,1951-02-19,1951-04-24,64,49,44.3042,-73.9839,575.5,NY,LAKE PLACID 2 S,"LAKE PLACID 2 S, NY (USC00304555)"
USC00304555,1952,1952-02-03,1952-04-24,81,47,44.3042,-73.9839,575.5,NY,LAKE PLACID 2 S,"LAKE PLACID 2 S, NY (USC00304555)"
USC00304555,1953,1953-02-22,1953-04-30,67,43,44.3042,-73.9839,575.5,NY,LAKE PLACID 2 S,"LAKE PLACID 2 S, NY (USC00304555)"
USC00304555,1954,1954-02-17,1954-04-29,71,39,44.3042,-73.9839,575.5,NY,LAKE PLACID 2 S,"LAKE PLACID 2 S, NY (USC00304555)"
USC00304555,1955,1955-02-21,1955-04-28,66,34,44.3042,-73.9839,575.5,NY,LAKE PLACID 2 S,"LAKE PLACID 2 S, NY (USC00304555)"
USC00304555,1956,1956-02-09,1956-04-26,77,50,44.3042,-73.9839,575.5,NY,LAKE PLACID 2 S,"LAKE PLACID 2 S, NY (USC00304555)"
USC00304555,1957,1957-02-07,1957-04-17,69,46,44.3042,-73.9839,575.5,NY,LAKE PLACID 2 S,"LAKE PLACID 2 S, NY (USC00304555)"
USC00304555,1958,1958-02-28,1958-04-28,59,44,44.3042,-73.9839,575.5,NY,LAKE PLACID 2 S,"LAKE PLACID 2 S, NY (USC00304555)"
USC00304555,1959,1959-03-01,1959-04-28,58,39,44.3042,-73.9839,575.5,NY,LAKE PLACID 2 S,"LAKE PLACID 2 S, NY (USC00304555)"
USC00304555,1960,1960-02-07,1960-04-28,81,35,44.3042,-73.9839,575.5,NY,LAKE PLACID 2 S,"LAKE PLACID 2 S, NY (USC00304555)"
USC00304555,1961,1961-02-10,1961-04-27,76,54,44.3042,-73.9839,575.5,NY,LAKE PLACID 2 S,"LAKE PLACID 2 S, NY (USC00304555)"
USC00304555,1962,1962-03-01,1962-04-24,54,45,44.3042,-73.9839,575.5,NY,LAKE PLACID 2 S,"LAKE PLACID 2 S, NY (USC00304555)"
USC00304555,1963,1963-02-21,1963-04-28,66,40,44.3042,-73.9839,575.5,NY,LAKE PLACID 2 S,"LAKE PLACID 2 S, NY (USC00304555)"
USC00304555,1964,1964-03-02,1964-04-21,50,39,44.3042,-73.9839,575.5,NY,LAKE PLACID 2 S,"LAKE PLACID 2 S, NY (USC00304555)"
USC00304555,1965,1965-02-11,1965-04-28,76,55,44.3042,-73.9839,575.5,NY,LAKE PLACID 2 S,"LAKE PLACID 2 S, NY (USC00304555)"
USC00304555,1966,1966-02-12,1966-04-29,76,52,44.3042,-73.9839,575.5,NY,LAKE PLACID 2 S,"LAKE PLACID 2 S, NY (USC00304555)"
USC00304555,1967,1967-03-24,1967-04-29,36,35,44.3042,-73.9839,575.5,NY,LAKE PLACID 2 S,"LAKE PLACID 2 S, NY (USC00304555)"
USC00304555,1968,1968-02-03,1968-04-29,86,29,44.3042,-73.9839,575.5,NY,LAKE PLACID 2 S,"LAKE PLACID 2 S, NY (USC00304555)"
USC00304555,1969,1969-02-22,1969-04-30,67,39,44.3042,-73.9839,575.5,NY,LAKE PLACID 2 S,"LAKE PLACID 2 S, NY (USC00304555)"
USC00304555,1970,1970-02-04,1970-04-23,78,42,44.3042,-73.9839,575.5,NY,LAKE PLACID 2 S,"LAKE PLACID 2 S, NY (USC00304555)"
USC00304555,1971,1971-02-20,1971-04-28,67,47,44.3042,-73.9839,575.5,NY,LAKE PLACID 2 S,"LAKE PLACID 2 S, NY (USC00304555)"
USC00304555,1972,1972-02-15,1972-03-31,45,18,44.3042,-73.9839,575.5,NY,LAKE PLACID 2 S,"LAKE PLACID 2 S, NY (USC00304555)"
USC00304555,1973,1973-03-15,1973-04-30,46,20,44.3042,-73.9839,575.5,NY,LAKE PLACID 2 S,"LAKE PLACID 2 S, NY (USC00304555)"
USC00304555,1975,1975-02-17,1975-04-28,70,42,44.3042,-73.9839,575.5,NY,LAKE PLACID 2 S,"LAKE PLACID 2 S, NY (USC00304555)"
USC00304555,1976,1976-02-16,1976-04-27,71,37,44.3042,-73.9839,575.5,NY,LAKE PLACID 2 S,"LAKE PLACID 2 S, NY (USC00304555)"
USC00304555,1977,1977-03-05,1977-04-29,55,28,44.3042,-73.9839,575.5,NY,LAKE PLACID 2 S,"LAKE PLACID 2 S, NY (USC00304555)"
USC00304555,1978,1978-03-10,1978-04-29,50,41,44.3042,-73.9839,575.5,NY,LAKE PLACID 2 S,"LAKE PLACID 2 S, NY (USC00304555)"
USC00304555,1979,1979-02-22,1979-04-20,57,39,44.3042,-73.9839,575.5,NY,LAKE PLACID 2 S,"LAKE PLACID 2 S, NY (USC00304555)"
USC00304555,1980,1980-02-21,1980-04-23,62,38,44.3042,-73.9839,575.5,NY,LAKE PLACID 2 S,"LAKE PLACID 2 S, NY (USC00304555)"
USC00304555,1981,1981-02-28,1981-04-23,54,35,44.3042,-73.9839,575.5,NY,LAKE PLACID 2 S,"LAKE PLACID 2 S, NY (USC00304555)"
USC00304555,1982,1982-02-03,1982-04-28,84,41,44.3042,-73.9839,575.5,NY,LAKE PLACID 2 S,"LAKE PLACID 2 S, NY (USC00304555)"
USC00304555,1983,1983-02-04,1983-04-26,81,59,44.3042,-73.9839,575.5,NY,LAKE PLACID 2 S,"LAKE PLACID 2 S, NY (USC00304555)"
USC00304555,1984,1984-02-04,1984-04-24,80,43,44.3042,-73.9839,575.5,NY,LAKE PLACID 2 S,"LAKE PLACID 2 S, NY (USC00304555)"
USC00304555,1985,1985-02-13,1985-04-28,74,41,44.3042,-73.9839,575.5,NY,LAKE PLACID 2 S,"LAKE PLACID 2 S, NY (USC00304555)"
USC00304555,1986,1986-02-20,1986-04-23,62,36,44.3042,-73.9839,575.5,NY,LAKE PLACID 2 S,"LAKE PLACID 2 S, NY (USC00304555)"
USC00304555,1987,1987-02-28,1987-04-30,61,31,44.3042,-73.9839,575.5,NY,LAKE PLACID 2 S,"LAKE PLACID 2 S, NY (USC00304555)"
USC00304555,1988,1988-02-18,1988-04-26,68,41,44.3042,-73.9839,575.5,NY,LAKE PLACID 2 S,"LAKE PLACID 2 S, NY (USC00304555)"
USC00304555,1989,1989-02-22,1989-04-29,66,44,44.3042,-73.9839,575.5,NY,LAKE PLACID 2 S,"LAKE PLACID 2 S, NY (USC00304555)"
USC00304555,1990,1990-02-09,1990-04-18,68,44,44.3042,-73.9839,575.5,NY,LAKE PLACID 2 S,"LAKE PLACID 2 S, NY (USC00304555)"
USC00304555,1991,1991-02-09,1991-04-22,72,44,44.3042,-73.9839,575.5,NY,LAKE PLACID 2 S,"LAKE PLACID 2 S, NY (USC00304555)"
USC00304555,1992,1992-02-16,1992-04-28,72,43,44.3042,-73.9839,575.5,NY,LAKE PLACID 2 S,"LAKE PLACID 2 S, NY (USC00304555)"
USC00304555,1993,1993-03-09,1993-04-27,49,26,44.3042,-73.9839,575.5,NY,LAKE PLACID 2 S,"LAKE PLACID 2 S, NY (USC00304555)"
USC00304555,1994,1994-03-06,1994-04-23,48,37,44.3042,-73.9839,575.5,NY,LAKE PLACID 2 S,"LAKE PLACID 2 S, NY (USC00304555)"
USC00304555,1995,1995-02-19,1995-04-24,64,38,44.3042,-73.9839,575.5,NY,LAKE PLACID 2 S,"LAKE PLACID 2 S, NY (USC00304555)"
USC00304555,1996,1996-02-10,1996-04-29,79,48,44.3042,-73.9839,575.5,NY,LAKE PLACID 2 S,"LAKE PLACID 2 S, NY (USC00304555)"
USC00304555,1997,1997-02-04,1997-04-24,79,40,44.3042,-73.9839,575.5,NY,LAKE PLACID 2 S,"LAKE PLACID 2 S, NY (USC00304555)"
USC00304555,1998,1998-02-03,1998-04-27,83,48,44.3042,-73.9839,575.5,NY,LAKE PLACID 2 S,"LAKE PLACID 2 S, NY (USC00304555)"
USC00304555,1999,1999-02-03,1999-04-27,83,45,44.3042,-73.9839,575.5,NY,LAKE PLACID 2 S,"LAKE PLACID 2 S, NY (USC00304555)"
USC00304555,2000,2000-03-02,2000-04-26,55,34,44.3042,-73.9839,575.5,NY,LAKE PLACID 2 S,"LAKE PLACID 2 S, NY (USC00304555)"
USC00304555,2001,2001-02-15,2001-04-25,69,47,44.3042,-73.9839,575.5,NY,LAKE PLACID 2 S,"LAKE PLACID 2 S, NY (USC00304555)"
USC00304555,2002,2002-02-10,2002-04-30,79,49,44.3042,-73.9839,575.5,NY,LAKE PLACID 2 S,"LAKE PLACID 2 S, NY (USC00304555)"
USC00304555,2003,2003-02-04,2003-04-26,81,39,44.3042,-73.9839,575.5,NY,LAKE PLACID 2 S,"LAKE PLACID 2 S, NY (USC00304555)"
USC00304555,2004,2004-02-10,2004-04-28,78,47,44.3042,-73.9839,575.5,NY,LAKE PLACID 2 S,"LAKE PLACID 2 S, NY (USC00304555)"
USC00304555,2005,2005-02-03,2005-04-30,86,38,44.3042,-73.9839,575.5,NY,LAKE PLACID 2 S,"LAKE PLACID 2 S, NY (USC00304555)"
USC00304555,2006,2006-02-04,2006-04-28,83,35,44.3042,-73.9839,575.5,NY,LAKE PLACID 2 S,"LAKE PLACID 2 S, NY (USC00304555)"
USC00304555,2007,2007-02-22,2007-04-25,62,36,44.3042,-73.9839,575.5,NY,LAKE PLACID 2 S,"LAKE PLACID 2 S, NY (USC00304555)"
USC00304555,2008,2008-02-04,2008-04-30,86,47,44.3042,-73.9839,575.5,NY,LAKE PLACID 2 S,"LAKE PLACID 2 S, NY (USC00304555)"
USC00304555,2009,2009-02-10,2009-04-21,70,42,44.3042,-73.9839,575.5,NY,LAKE PLACID 2 S,"LAKE PLACID 2 S, NY (USC00304555)"
USC00304555,2010,2010-02-24,2010-04-29,64,33,44.3042,-73.9839,575.5,NY,LAKE PLACID 2 S,"LAKE PLACID 2 S, NY (USC00304555)"
USC00304555,2011,2011-02-07,2011-04-23,75,46,44.3042,-73.9839,575.5,NY,LAKE PLACID 2 S,"LAKE PLACID 2 S, NY (USC00304555)"
USC00304555,2012,2012-02-08,2012-04-29,81,49,44.3042,-73.9839,575.5,NY,LAKE PLACID 2 S,"LAKE PLACID 2 S, NY (USC00304555)"
USC00304555,2013,2013-02-28,2013-04-26,57,36,44.3042,-73.9839,575.5,NY,LAKE PLACID 2 S,"LAKE PLACID 2 S, NY (USC00304555)"
USC00304555,2014,2014-02-22,2014-04-29,66,38,44.3042,-73.9839,575.5,NY,LAKE PLACID 2 S,"LAKE PLACID 2 S, NY (USC00304555)"
USC00304555,2018,2018-02-17,2018-04-30,72,32,44.3042,-73.9839,575.5,NY,LAKE PLACID 2 S,"LAKE PLACID 2 S, NY (USC00304555)"
USC00304555,2019,2019-04-01,2019-04-30,29,11,44.3042,-73.9839,575.5,NY,LAKE PLACID 2 S,"LAKE PLACID 2 S, NY (USC00304555)"
USC00304555,2020,2020-02-26,2020-04-29,63,48,44.3042,-73.9839,575.5,NY,LAKE PLACID 2 S,"LAKE PLACID 2 S, NY (USC00304555)"
USC00304555,2021,2021-03-02,2021-04-27,56,30,44.3042,-73.9839,575.5,NY,LAKE PLACID 2 S,"LAKE PLACID 2 S, NY (USC00304555)"
USC00304555,2022,2022-02-12,2022-04-30,77,51,44.3042,-73.9839,575.5,NY,LAKE PLACID 2 S,"LAKE PLACID 2 S, NY (USC00304555)"
USC00304555,2023,2023-02-09,2023-04-28,78,48,44.3042,-73.9839,575.5,NY,LAKE PLACID 2 S,"LAKE PLACID 2 S, NY (USC00304555)"
USC00304555,2024,2024-02-10,2024-04-27,77,39,44.3042,-73.9839,575.5,NY,LAKE PLACID 2 S,"LAKE PLACID 2 S, NY (USC00304555)"
USC00304555,2025,2025-02-28,2025-04-28,59,18,44.3042,-73.9839,575.5,NY,LAKE PLACID 2 S,"LAKE PLACID 2 S, NY (USC00304555)"
USC00308631,1900,1900-02-09,1900-03-31,50,27,44.2308,-74.4383,512.1,NY,TUPPER LAKE SUNMOUNT,"TUPPER LAKE SUNMOUNT, NY (USC00308631)"
USC00308631,1901,1901-03-04,1901-04-20,47,34,44.2308,-74.4383,512.1,NY,TUPPER LAKE SUNMOUNT,"TUPPER LAKE SUNMOUNT, NY (USC00308631)"
USC00308631,1902,1902-02-23,1902-04-25,61,44,44.2308,-74.4383,512.1,NY,TUPPER LAKE SUNMOUNT,"TUPPER LAKE SUNMOUNT, NY (USC00308631)"
USC00308631,1903,1903-02-03,1903-04-25,81,51,44.2308,-74.4383,512.1,NY,TUPPER LAKE SUNMOUNT,"TUPPER LAKE SUNMOUNT, NY (USC00308631)"
USC00308631,1904,1904-02-29,1904-04-21,52,33,44.2308,-74.4383,512.1,NY,TUPPER LAKE SUNMOUNT,"TUPPER LAKE SUNMOUNT, NY (USC00308631)"
USC00308631,1905,1905-02-23,1905-04-25,61,37,44.2308,-74.4383,512.1,NY,TUPPER LAKE SUNMOUNT,"TUPPER LAKE SUNMOUNT, NY (USC00308631)"
USC00308631,1906,1906-02-19,1906-04-27,67,42,44.2308,-74.4383,512.1,NY,TUPPER LAKE SUNMOUNT,"TUPPER LAKE SUNMOUNT, NY (USC00308631)"
USC00308631,1907,1907-02-03,1907-04-26,82,40,44.2308,-74.4383,512.1,NY,TUPPER LAKE SUNMOUNT,"TUPPER LAKE SUNMOUNT, NY (USC00308631)"
USC00308631,1908,1908-03-09,1908-03-31,22,20,44.2308,-74.4383,512.1,NY,TUPPER LAKE SUNMOUNT,"TUPPER LAKE SUNMOUNT, NY (USC00308631)"
USC00308631,1909,1909-02-08,1909-04-29,80,50,44.2308,-74.4383,512.1,NY,TUPPER LAKE SUNMOUNT,"TUPPER LAKE SUNMOUNT, NY (USC00308631)"
USC00308631,1910,1910-02-22,1910-04-28,65,33,44.2308,-74.4383,512.1,NY,TUPPER LAKE SUNMOUNT,"TUPPER LAKE SUNMOUNT, NY (USC00308631)"
USC00308631,1911,1911-02-18,1911-04-23,64,23,44.2308,-74.4383,512.1,NY,TUPPER LAKE SUNMOUNT,"TUPPER LAKE SUNMOUNT, NY (USC00308631)"
USC00308631,1912,1912-02-18,1912-04-29,71,39,44.2308,-74.4383,512.1,NY,TUPPER LAKE SUNMOUNT,"TUPPER LAKE SUNMOUNT, NY (USC00308631)"
USC00308631,1913,1913-02-22,1913-04-30,67,32,44.2308,-74.4383,512.1,NY,TUPPER LAKE SUNMOUNT,"TUPPER LAKE SUNMOUNT, NY (USC00308631)"
USC00308631,1925,1925-02-06,1925-04-20,73,45,44.2308,-74.4383,512.1,NY,TUPPER LAKE SUNMOUNT,"TUPPER LAKE SUNMOUNT, NY (USC00308631)"
USC00308631,1926,1926-02-19,1926-04-30,70,27,44.2308,-74.4383,512.1,NY,TUPPER LAKE SUNMOUNT,"TUPPER LAKE SUNMOUNT, NY (USC00308631)"
USC00308631,1927,1927-02-18,1927-04-30,71,47,44.2308,-74.4383,512.1,NY,TUPPER LAKE SUNMOUNT,"TUPPER LAKE SUNMOUNT, NY (USC00308631)"
USC00308631,1928,1928-02-09,1928-04-30,81,29,44.2308,-74.4383,512.1,NY,TUPPER LAKE SUNMOUNT,"TUPPER LAKE SUNMOUNT, NY (USC00308631)"
USC00308631,1929,1929-02-10,1929-04-30,79,45,44.2308,-74.4383,512.1,NY,TUPPER LAKE SUNMOUNT,"TUPPER LAKE SUNMOUNT, NY (USC00308631)"
USC00308631,1930,1930-03-02,1930-04-28,57,44,44.2308,-74.4383,512.1,NY,TUPPER LAKE SUNMOUNT,"TUPPER LAKE SUNMOUNT, NY (USC00308631)"
USC00308631,1931,1931-02-16,1931-04-30,73,58,44.2308,-74.4383,512.1,NY,TUPPER LAKE SUNMOUNT,"TUPPER LAKE SUNMOUNT, NY (USC00308631)"
USC00308631,1932,1932-02-11,1932-04-28,77,40,44.2308,-74.4383,512.1,NY,TUPPER LAKE SUNMOUNT,"TUPPER LAKE SUNMOUNT, NY (USC00308631)"
USC00308631,1933,1933-02-17,1933-04-28,70,37,44.2308,-74.4383,512.1,NY,TUPPER LAKE SUNMOUNT,"TUPPER LAKE SUNMOUNT, NY (USC00308631)"
USC00308631,1934,1934-03-04,1934-04-29,56,38,44.2308,-74.4383,512.1,NY,TUPPER LAKE SUNMOUNT,"TUPPER LAKE SUNMOUNT, NY (USC00308631)"
USC00308631,1935,1935-02-16,1935-04-30,73,50,44.2308,-74.4383,512.1,NY,TUPPER LAKE SUNMOUNT,"TUPPER LAKE SUNMOUNT, NY (USC00308631)"
USC00308631,1936,1936-02-27,1936-04-26,59,44,44.2308,-74.4383,512.1,NY,TUPPER LAKE SUNMOUNT,"TUPPER LAKE SUNMOUNT, NY (USC00308631)"
USC00308631,1937,1937-02-20,1937-04-23,62,32,44.2308,-74.4383,512.1,NY,TUPPER LAKE SUNMOUNT,"TUPPER LAKE SUNMOUNT, NY (USC00308631)"
USC00308631,1938,1938-02-05,1938-04-12,66,46,44.2308,-74.4383,512.1,NY,TUPPER LAKE SUNMOUNT,"TUPPER LAKE SUNMOUNT, NY (USC00308631)"
USC00308631,1939,1939-02-11,1939-04-30,78,50,44.2308,-74.4383,512.1,NY,TUPPER LAKE SUNMOUNT,"TUPPER LAKE SUNMOUNT, NY (USC00308631)"
USC00308631,1940,1940-02-19,1940-04-28,69,42,44.2308,-74.4383,512.1,NY,TUPPER LAKE SUNMOUNT,"TUPPER LAKE SUNMOUNT, NY (USC00308631)"
USC00308631,1941,1941-02-14,1941-04-22,67,30,44.2308,-74.4383,512.1,NY,TUPPER LAKE SUNMOUNT,"TUPPER LAKE SUNMOUNT, NY (USC00308631)"
USC00308631,1942,1942-03-02,1942-04-21,50,43,44.2308,-74.4383,512.1,NY,TUPPER LAKE SUNMOUNT,"TUPPER LAKE SUNMOUNT, NY (USC00308631)"
USC00308631,1943,1943-02-06,1943-04-30,83,44,44.2308,-74.4383,512.1,NY,TUPPER LAKE SUNMOUNT,"TUPPER LAKE SUNMOUNT, NY (USC00308631)"
USC00308631,1944,1944-03-13,1944-04-28,46,41,44.2308,-74.4383,512.1,NY,TUPPER LAKE SUNMOUNT,"TUPPER LAKE SUNMOUNT, NY (USC00308631)"
USC00308631,1945,1945-03-01,1945-04-28,58,32,44.2308,-74.4383,512.1,NY,TUPPER LAKE SUNMOUNT,"TUPPER LAKE SUNMOUNT, NY (USC00308631)"
USC00308631,1946,1946-02-14,1946-04-28,73,35,44.2308,-74.4383,512.1,NY,TUPPER LAKE SUNMOUNT,"TUPPER LAKE SUNMOUNT, NY (USC00308631)"
USC00308631,1947,1947-02-16,1947-04-28,71,41,44.2308,-74.4383,512.1,NY,TUPPER LAKE SUNMOUNT,"TUPPER LAKE SUNMOUNT, NY (USC00308631)"
USC00308631,1948,1948-02-17,1948-04-30,73,40,44.2308,-74.4383,512.1,NY,TUPPER LAKE SUNMOUNT,"TUPPER LAKE SUNMOUNT, NY (USC00308631)"
USC00308631,1949,1949-02-09,1949-04-29,79,48,44.2308,-74.4383,512.1,NY,TUPPER LAKE SUNMOUNT,"TUPPER LAKE SUNMOUNT, NY (USC00308631)"
USC00308631,1950,1950-02-11,1950-04-30,78,43,44.2308,-74.4383,512.1,NY,TUPPER LAKE SUNMOUNT,"TUPPER LAKE SUNMOUNT, NY (USC00308631)"
USC00308631,1951,1951-02-18,1951-04-24,65,44,44.2308,-74.4383,512.1,NY,TUPPER LAKE SUNMOUNT,"TUPPER LAKE SUNMOUNT, NY (USC00308631)"
USC00308631,1952,1952-02-03,1952-04-14,71,43,44.2308,-74.4383,512.1,NY,TUPPER LAKE SUNMOUNT,"TUPPER LAKE SUNMOUNT, NY (USC00308631)"
USC00308631,1953,1953-02-08,1953-04-29,80,36,44.2308,-74.4383,512.1,NY,TUPPER LAKE SUNMOUNT,"TUPPER LAKE SUNMOUNT, NY (USC00308631)"
USC00308631,1954,1954-02-17,1954-04-26,68,37,44.2308,-74.4383,512.1,NY,TUPPER LAKE SUNMOUNT,"TUPPER LAKE SUNMOUNT, NY (USC00308631)"
USC00308631,1955,1955-02-20,1955-04-26,65,37,44.2308,-74.4383,512.1,NY,TUPPER LAKE SUNMOUNT,"TUPPER LAKE SUNMOUNT, NY (USC00308631)"
USC00308631,1956,1956-02-09,1956-04-26,77,44,44.2308,-74.4383,512.1,NY,TUPPER LAKE SUNMOUNT,"TUPPER LAKE SUNMOUNT, NY (USC00308631)"
USC00308631,1957,1957-02-06,1957-04-30,83,46,44.2308,-74.4383,512.1,NY,TUPPER LAKE SUNMOUNT,"TUPPER LAKE SUNMOUNT, NY (USC00308631)"
USC00308631,1958,1958-02-26,1958-04-30,63,44,44.2308,-74.4383,512.1,NY,TUPPER LAKE SUNMOUNT,"TUPPER LAKE SUNMOUNT, NY (USC00308631)"
USC00308631,1959,1959-02-28,1959-04-28,59,38,44.2308,-74.4383,512.1,NY,TUPPER LAKE SUNMOUNT,"TUPPER LAKE SUNMOUNT, NY (USC00308631)"
USC00308631,1960,1960-02-07,1960-04-28,81,29,44.2308,-74.4383,512.1,NY,TUPPER LAKE SUNMOUNT,"TUPPER LAKE SUNMOUNT, NY (USC00308631)"
USC00308631,1961,1961-03-01,1961-04-30,60,44,44.2308,-74.4383,512.1,NY,TUPPER LAKE SUNMOUNT,"TUPPER LAKE SUNMOUNT, NY (USC00308631)"
USC00308631,1962,1962-03-01,1962-04-25,55,47,44.2308,-74.4383,512.1,NY,TUPPER LAKE SUNMOUNT,"TUPPER LAKE SUNMOUNT, NY (USC00308631)"
USC00308631,1963,1963-03-14,1963-04-28,45,37,44.2308,-74.4383,512.1,NY,TUPPER LAKE SUNMOUNT,"TUPPER LAKE SUNMOUNT, NY (USC00308631)"
USC00308631,1964,1964-03-05,1964-04-26,52,37,44.2308,-74.4383,512.1,NY,TUPPER LAKE SUNMOUNT,"TUPPER LAKE SUNMOUNT, NY (USC00308631)"
USC00308631,1965,1965-02-10,1965-04-29,78,49,44.2308,-74.4383,512.1,NY,TUPPER LAKE SUNMOUNT,"TUPPER LAKE SUNMOUNT, NY (USC00308631)"
USC00308631,1966,1966-02-12,1966-04-29,76,49,44.2308,-74.4383,512.1,NY,TUPPER LAKE SUNMOUNT,"TUPPER LAKE SUNMOUNT, NY (USC00308631)"
USC00308631,1967,1967-02-16,1967-04-28,71,36,44.2308,-74.4383,512.1,NY,TUPPER LAKE SUNMOUNT,"TUPPER LAKE SUNMOUNT, NY (USC00308631)"
USC00308631,1968,1968-02-03,1968-04-29,86,27,44.2308,-74.4383,512.1,NY,TUPPER LAKE SUNMOUNT,"TUPPER LAKE SUNMOUNT, NY (USC00308631)"
USC00308631,1969,1969-02-24,1969-04-30,65,38,44.2308,-74.4383,512.1,NY,TUPPER LAKE SUNMOUNT,"TUPPER LAKE SUNMOUNT, NY (USC00308631)"
USC00308631,1970,1970-02-04,1970-04-23,78,47,44.2308,-74.4383,512.1,NY,TUPPER LAKE SUNMOUNT,"TUPPER LAKE SUNMOUNT, NY (USC00308631)"
USC00308631,1971,1971-02-21,1971-04-28,66,43,44.2308,-74.4383,512.1,NY,TUPPER LAKE SUNMOUNT,"TUPPER LAKE SUNMOUNT, NY (USC00308631)"
USC00308631,1972,1972-02-15,1972-04-29,74,43,44.2308,-74.4383,512.1,NY,TUPPER LAKE SUNMOUNT,"TUPPER LAKE SUNMOUNT, NY (USC00308631)"
USC00308631,1973,1973-03-05,1973-04-30,56,33,44.2308,-74.4383,512.1,NY,TUPPER LAKE SUNMOUNT,"TUPPER LAKE SUNMOUNT, NY (USC00308631)"
USC00308631,1974,1974-02-22,1974-04-27,64,38,44.2308,-74.4383,512.1,NY,TUPPER LAKE SUNMOUNT,"TUPPER LAKE SUNMOUNT, NY (USC00308631)"
USC00308631,1975,1975-02-18,1975-04-29,70,44,44.2308,-74.4383,512.1,NY,TUPPER LAKE SUNMOUNT,"TUPPER LAKE SUNMOUNT, NY (USC00308631)"
USC00308631,1976,1976-02-14,1976-04-28,74,42,44.2308,-74.4383,512.1,NY,TUPPER LAKE SUNMOUNT,"TUPPER LAKE SUNMOUNT, NY (USC00308631)"
USC00308631,1977,1977-02-13,1977-04-30,76,28,44.2308,-74.4383,512.1,NY,TUPPER LAKE SUNMOUNT,"TUPPER LAKE SUNMOUNT, NY (USC00308631)"
USC00308631,1978,1978-03-12,1978-04-30,49,40,44.2308,-74.4383,512.1,NY,TUPPER LAKE SUNMOUNT,"TUPPER LAKE SUNMOUNT, NY (USC00308631)"
USC00308631,1979,1979-02-24,1979-04-20,55,41,44.2308,-74.4383,512.1,NY,TUPPER LAKE SUNMOUNT,"TUPPER LAKE SUNMOUNT, NY (USC00308631)"
USC00308631,1980,1980-02-23,1980-04-24,61,36,44.2308,-74.4383,512.1,NY,TUPPER LAKE SUNMOUNT,"TUPPER LAKE SUNMOUNT, NY (USC00308631)"
USC00308631,1981,1981-02-12,1981-04-27,74,40,44.2308,-74.4383,512.1,NY,TUPPER LAKE SUNMOUNT,"TUPPER LAKE SUNMOUNT, NY (USC00308631)"
USC00308631,1982,1982-02-19,1982-04-23,63,40,44.2308,-74.4383,512.1,NY,TUPPER LAKE SUNMOUNT,"TUPPER LAKE SUNMOUNT, NY (USC00308631)"
USC00308631,1983,1983-02-04,1983-04-27,82,58,44.2308,-74.4383,512.1,NY,TUPPER LAKE SUNMOUNT,"TUPPER LAKE SUNMOUNT, NY (USC00308631)"
USC00308631,1984,1984-02-04,1984-04-26,82,43,44.2308,-74.4383,512.1,NY,TUPPER LAKE SUNMOUNT,"TUPPER LAKE SUNMOUNT, NY (USC00308631)"
USC00308631,1985,1985-02-14,1985-04-19,64,44,44.2308,-74.4383,512.1,NY,TUPPER LAKE SUNMOUNT,"TUPPER LAKE SUNMOUNT, NY (USC00308631)"
USC00308631,1986,1986-03-05,1986-04-24,50,28,44.2308,-74.4383,512.1,NY,TUPPER LAKE SUNMOUNT,"TUPPER LAKE SUNMOUNT, NY (USC00308631)"
USC00308631,1987,1987-03-02,1987-04-30,59,28,44.2308,-74.4383,512.1,NY,TUPPER LAKE SUNMOUNT,"TUPPER LAKE SUNMOUNT, NY (USC00308631)"
USC00308631,1988,1988-02-21,1988-04-30,69,40,44.2308,-74.4383,512.1,NY,TUPPER LAKE SUNMOUNT,"TUPPER LAKE SUNMOUNT, NY (USC00308631)"
USC00308631,1989,1989-03-12,1989-04-30,49,44,44.2308,-74.4383,512.1,NY,TUPPER LAKE SUNMOUNT,"TUPPER LAKE SUNMOUNT, NY (USC00308631)"
USC00308631,1990,1990-02-03,1990-04-22,78,44,44.2308,-74.4383,512.1,NY,TUPPER LAKE SUNMOUNT,"TUPPER LAKE SUNMOUNT, NY (USC00308631)"
USC00308631,1991,1991-02-10,1991-03-30,48,34,44.2308,-74.4383,512.1,NY,TUPPER LAKE SUNMOUNT,"TUPPER LAKE SUNMOUNT, NY (USC00308631)"
USC00308631,1992,1992-02-18,1992-04-28,70,42,44.2308,-74.4383,512.1,NY,TUPPER LAKE SUNMOUNT,"TUPPER LAKE SUNMOUNT, NY (USC00308631)"
USC00308631,1993,1993-03-05,1993-04-28,54,31,44.2308,-74.4383,512.1,NY,TUPPER LAKE SUNMOUNT,"TUPPER LAKE SUNMOUNT, NY (USC00308631)"
USC00308631,1994,1994-03-07,1994-04-29,53,41,44.2308,-74.4383,512.1,NY,TUPPER LAKE SUNMOUNT,"TUPPER LAKE SUNMOUNT, NY (USC00308631)"
USC00308631,1995,1995-04-03,1995-04-25,22,16,44.2308,-74.4383,512.1,NY,TUPPER LAKE SUNMOUNT,"TUPPER LAKE SUNMOUNT, NY (USC00308631)"
USC00308631,1996,1996-02-11,1996-04-29,78,44,44.2308,-74.4383,512.1,NY,TUPPER LAKE SUNMOUNT,"TUPPER LAKE SUNMOUNT, NY (USC00308631)"
USC00308631,1998,1998-02-03,1998-04-28,84,46,44.2308,-74.4383,512.1,NY,TUPPER LAKE SUNMOUNT,"TUPPER LAKE SUNMOUNT, NY (USC00308631)"
USC00308631,1999,1999-02-04,1999-04-25,80,45,44.2308,-74.4383,512.1,NY,TUPPER LAKE SUNMOUNT,"TUPPER LAKE SUNMOUNT, NY (USC00308631)"
USC00308631,2000,2000-03-02,2000-04-27,56,34,44.2308,-74.4383,512.1,NY,TUPPER LAKE SUNMOUNT,"TUPPER LAKE SUNMOUNT, NY (USC00308631)"
USC00308631,2001,2001-02-22,2001-04-29,66,42,44.2308,-74.4383,512.1,NY,TUPPER LAKE SUNMOUNT,"TUPPER LAKE SUNMOUNT, NY (USC00308631)"
USC00308631,2002,2002-02-18,2002-04-29,70,40,44.2308,-74.4383,512.1,NY,TUPPER LAKE SUNMOUNT,"TUPPER LAKE SUNMOUNT, NY (USC00308631)"
USC00308631,2003,2003-02-22,2003-04-26,63,35,44.2308,-74.4383,512.1,NY,TUPPER LAKE SUNMOUNT,"TUPPER LAKE SUNMOUNT, NY (USC00308631)"
USC00308631,2004,2004-02-29,2004-04-29,60,40,44.2308,-74.4383,512.1,NY,TUPPER LAKE SUNMOUNT,"TUPPER LAKE SUNMOUNT, NY (USC00308631)"
USC00308631,2005,2005-02-03,2005-04-26,82,40,44.2308,-74.4383,512.1,NY,TUPPER LAKE SUNMOUNT,"TUPPER LAKE SUNMOUNT, NY (USC00308631)"
USC00308631,2006,2006-02-04,2006-04-29,84,35,44.2308,-74.4383,512.1,NY,TUPPER LAKE SUNMOUNT,"TUPPER LAKE SUNMOUNT, NY (USC00308631)"
USC00308631,2007,2007-02-28,2007-04-26,57,35,44.2308,-74.4383,512.1,NY,TUPPER LAKE SUNMOUNT,"TUPPER LAKE SUNMOUNT, NY (USC00308631)"
USC00308631,2008,2008-03-08,2008-04-30,53,32,44.2308,-74.4383,512.1,NY,TUPPER LAKE SUNMOUNT,"TUPPER LAKE SUNMOUNT, NY (USC00308631)"
USC00308631,2009,2009-02-11,2009-04-24,72,36,44.2308,-74.4383,512.1,NY,TUPPER LAKE SUNMOUNT,"TUPPER LAKE SUNMOUNT, NY (USC00308631)"
USC00308631,2010,2010-02-25,2010-04-29,63,37,44.2308,-74.4383,512.1,NY,TUPPER LAKE SUNMOUNT,"TUPPER LAKE SUNMOUNT, NY (USC00308631)"
USC00308631,2015,2015-03-12,2015-04-28,47,32,44.2308,-74.4383,512.1,NY,TUPPER LAKE SUNMOUNT,"TUPPER LAKE SUNMOUNT, NY (USC00308631)"
USC00308631,2016,2016-02-04,2016-04-29,85,47,44.2308,-74.4383,512.1,NY,TUPPER LAKE SUNMOUNT,"TUPPER LAKE SUNMOUNT, NY (USC00308631)"
USC00308631,2017,2017-02-20,2017-04-23,62,34,44.2308,-74.4383,512.1,NY,TUPPER LAKE SUNMOUNT,"TUPPER LAKE SUNMOUNT, NY (USC00308631)"
USC00308631,2018,2018-02-04,2018-04-28,83,46,44.2308,-74.4383,512.1,NY,TUPPER LAKE SUNMOUNT,"TUPPER LAKE SUNMOUNT, NY (USC00308631)"
USC00308631,2019,2019-02-07,2019-04-30,82,42,44.2308,-74.4383,512.1,NY,TUPPER LAKE SUNMOUNT,"TUPPER LAKE SUNMOUNT, NY (USC00308631)"
USC00308631,2020,2020-02-20,2020-04-23,63,50,44.2308,-74.4383,512.1,NY,TUPPER LAKE SUNMOUNT,"TUPPER LAKE SUNMOUNT, NY (USC00308631)"
USC00308631,2021,2021-02-27,2021-04-26,58,28,44.2308,-74.4383,512.1,NY,TUPPER LAKE SUNMOUNT,"TUPPER LAKE SUNMOUNT, NY (USC00308631)"
USC00308631,2022,2022-02-11,2022-04-30,78,48,44.2308,-74.4383,512.1,NY,TUPPER LAKE SUNMOUNT,"TUPPER LAKE SUNMOUNT, NY (USC00308631)"
USC00308631,2023,NA,NA,NA,1,44.2308,-74.4383,512.1,NY,TUPPER LAKE SUNMOUNT,"TUPPER LAKE SUNMOUNT, NY (USC00308631)"
USC00308631,2024,2024-02-08,2024-04-26,78,40,44.2308,-74.4383,512.1,NY,TUPPER LAKE SUNMOUNT,"TUPPER LAKE SUNMOUNT, NY (USC00308631)"
USC00308631,2025,2025-02-04,2025-04-18,73,28,44.2308,-74.4383,512.1,NY,TUPPER LAKE SUNMOUNT,"TUPPER LAKE SUNMOUNT, NY (USC00308631)"
USC00432769,1892,1892-02-25,1892-04-30,65,37,44.9094,-72.8083,128,VT,ENOSBURG FALLS,"ENOSBURG FALLS, VT (USC00432769)"
USC00432769,1893,1893-02-13,1893-04-27,73,39,44.9094,-72.8083,128,VT,ENOSBURG FALLS,"ENOSBURG FALLS, VT (USC00432769)"
USC00432769,1894,1894-02-10,1894-04-09,58,36,44.9094,-72.8083,128,VT,ENOSBURG FALLS,"ENOSBURG FALLS, VT (USC00432769)"
USC00432769,1895,1895-02-19,1895-04-23,63,32,44.9094,-72.8083,128,VT,ENOSBURG FALLS,"ENOSBURG FALLS, VT (USC00432769)"
USC00432769,1896,1896-02-04,1896-04-12,68,36,44.9094,-72.8083,128,VT,ENOSBURG FALLS,"ENOSBURG FALLS, VT (USC00432769)"
USC00432769,1897,1897-02-17,1897-04-21,63,34,44.9094,-72.8083,128,VT,ENOSBURG FALLS,"ENOSBURG FALLS, VT (USC00432769)"
USC00432769,1898,1898-02-07,1898-04-24,76,37,44.9094,-72.8083,128,VT,ENOSBURG FALLS,"ENOSBURG FALLS, VT (USC00432769)"
USC00432769,1899,1899-02-28,1899-04-15,46,36,44.9094,-72.8083,128,VT,ENOSBURG FALLS,"ENOSBURG FALLS, VT (USC00432769)"
USC00432769,1900,1900-02-11,1900-04-15,63,34,44.9094,-72.8083,128,VT,ENOSBURG FALLS,"ENOSBURG FALLS, VT (USC00432769)"
USC00432769,1901,1901-03-04,1901-04-11,38,25,44.9094,-72.8083,128,VT,ENOSBURG FALLS,"ENOSBURG FALLS, VT (USC00432769)"
USC00432769,1902,1902-02-25,1902-04-27,61,35,44.9094,-72.8083,128,VT,ENOSBURG FALLS,"ENOSBURG FALLS, VT (USC00432769)"
USC00432769,1903,1903-02-03,1903-04-25,81,39,44.9094,-72.8083,128,VT,ENOSBURG FALLS,"ENOSBURG FALLS, VT (USC00432769)"
USC00432769,1904,1904-02-23,1904-04-22,59,37,44.9094,-72.8083,128,VT,ENOSBURG FALLS,"ENOSBURG FALLS, VT (USC00432769)"
USC00432769,1905,1905-03-10,1905-04-23,44,35,44.9094,-72.8083,128,VT,ENOSBURG FALLS,"ENOSBURG FALLS, VT (USC00432769)"
USC00432769,1906,1906-02-19,1906-04-26,66,41,44.9094,-72.8083,128,VT,ENOSBURG FALLS,"ENOSBURG FALLS, VT (USC00432769)"
USC00432769,1907,1907-02-03,1907-04-25,81,40,44.9094,-72.8083,128,VT,ENOSBURG FALLS,"ENOSBURG FALLS, VT (USC00432769)"
USC00432769,1908,1908-02-27,1908-04-22,55,39,44.9094,-72.8083,128,VT,ENOSBURG FALLS,"ENOSBURG FALLS, VT (USC00432769)"
USC00432769,1909,1909-02-07,1909-04-29,81,47,44.9094,-72.8083,128,VT,ENOSBURG FALLS,"ENOSBURG FALLS, VT (USC00432769)"
USC00432769,1910,1910-02-22,1910-04-29,66,30,44.9094,-72.8083,128,VT,ENOSBURG FALLS,"ENOSBURG FALLS, VT (USC00432769)"
USC00432769,1911,1911-02-27,1911-04-23,55,40,44.9094,-72.8083,128,VT,ENOSBURG FALLS,"ENOSBURG FALLS, VT (USC00432769)"
USC00432769,1912,1912-02-18,1912-04-28,70,39,44.9094,-72.8083,128,VT,ENOSBURG FALLS,"ENOSBURG FALLS, VT (USC00432769)"
USC00432769,1913,1913-02-22,1913-04-20,57,26,44.9094,-72.8083,128,VT,ENOSBURG FALLS,"ENOSBURG FALLS, VT (USC00432769)"
USC00432769,1914,1914-02-04,1914-04-24,79,44,44.9094,-72.8083,128,VT,ENOSBURG FALLS,"ENOSBURG FALLS, VT (USC00432769)"
USC00432769,1915,1915-02-07,1915-04-21,73,38,44.9094,-72.8083,128,VT,ENOSBURG FALLS,"ENOSBURG FALLS, VT (USC00432769)"
USC00432769,1916,1916-02-26,1916-04-20,54,31,44.9094,-72.8083,128,VT,ENOSBURG FALLS,"ENOSBURG FALLS, VT (USC00432769)"
USC00432769,1917,1917-02-09,1917-04-29,79,42,44.9094,-72.8083,128,VT,ENOSBURG FALLS,"ENOSBURG FALLS, VT (USC00432769)"
USC00432769,1918,1918-02-13,1918-04-25,71,41,44.9094,-72.8083,128,VT,ENOSBURG FALLS,"ENOSBURG FALLS, VT (USC00432769)"
USC00432769,1919,1919-02-14,1919-04-26,71,40,44.9094,-72.8083,128,VT,ENOSBURG FALLS,"ENOSBURG FALLS, VT (USC00432769)"
USC00432769,1920,1920-02-14,1920-04-25,71,36,44.9094,-72.8083,128,VT,ENOSBURG FALLS,"ENOSBURG FALLS, VT (USC00432769)"
USC00432769,1921,1921-02-05,1921-04-18,72,38,44.9094,-72.8083,128,VT,ENOSBURG FALLS,"ENOSBURG FALLS, VT (USC00432769)"
USC00432769,1922,1922-02-03,1922-04-29,85,51,44.9094,-72.8083,128,VT,ENOSBURG FALLS,"ENOSBURG FALLS, VT (USC00432769)"
USC00432769,1923,1923-02-11,1923-04-25,73,44,44.9094,-72.8083,128,VT,ENOSBURG FALLS,"ENOSBURG FALLS, VT (USC00432769)"
USC00432769,1924,1924-02-27,1924-04-24,57,38,44.9094,-72.8083,128,VT,ENOSBURG FALLS,"ENOSBURG FALLS, VT (USC00432769)"
USC00432769,1925,1925-02-06,1925-04-20,73,54,44.9094,-72.8083,128,VT,ENOSBURG FALLS,"ENOSBURG FALLS, VT (USC00432769)"
USC00432769,1926,1926-02-16,1926-04-28,71,43,44.9094,-72.8083,128,VT,ENOSBURG FALLS,"ENOSBURG FALLS, VT (USC00432769)"
USC00432769,1927,1927-02-17,1927-04-30,72,32,44.9094,-72.8083,128,VT,ENOSBURG FALLS,"ENOSBURG FALLS, VT (USC00432769)"
USC00432769,1928,1928-02-15,1928-04-28,73,47,44.9094,-72.8083,128,VT,ENOSBURG FALLS,"ENOSBURG FALLS, VT (USC00432769)"
USC00432769,1929,1929-02-08,1929-04-30,81,43,44.9094,-72.8083,128,VT,ENOSBURG FALLS,"ENOSBURG FALLS, VT (USC00432769)"
USC00432769,1930,1930-02-12,1930-04-28,75,54,44.9094,-72.8083,128,VT,ENOSBURG FALLS,"ENOSBURG FALLS, VT (USC00432769)"
USC00432769,1931,1931-02-16,1931-04-30,73,46,44.9094,-72.8083,128,VT,ENOSBURG FALLS,"ENOSBURG FALLS, VT (USC00432769)"
USC00432769,1932,1932-02-08,1932-04-28,80,40,44.9094,-72.8083,128,VT,ENOSBURG FALLS,"ENOSBURG FALLS, VT (USC00432769)"
USC00432769,1933,1933-02-04,1933-04-28,83,45,44.9094,-72.8083,128,VT,ENOSBURG FALLS,"ENOSBURG FALLS, VT (USC00432769)"
USC00432769,1934,1934-03-04,1934-04-28,55,38,44.9094,-72.8083,128,VT,ENOSBURG FALLS,"ENOSBURG FALLS, VT (USC00432769)"
USC00432769,1935,1935-02-15,1935-04-17,61,42,44.9094,-72.8083,128,VT,ENOSBURG FALLS,"ENOSBURG FALLS, VT (USC00432769)"
USC00432769,1936,1936-03-05,1936-04-26,52,36,44.9094,-72.8083,128,VT,ENOSBURG FALLS,"ENOSBURG FALLS, VT (USC00432769)"
USC00432769,1937,1937-02-09,1937-03-30,49,37,44.9094,-72.8083,128,VT,ENOSBURG FALLS,"ENOSBURG FALLS, VT (USC00432769)"
USC00432769,1938,1938-02-05,1938-04-12,66,40,44.9094,-72.8083,128,VT,ENOSBURG FALLS,"ENOSBURG FALLS, VT (USC00432769)"
USC00432769,1939,1939-02-09,1939-04-30,80,44,44.9094,-72.8083,128,VT,ENOSBURG FALLS,"ENOSBURG FALLS, VT (USC00432769)"
USC00432769,1940,1940-02-08,1940-04-27,79,39,44.9094,-72.8083,128,VT,ENOSBURG FALLS,"ENOSBURG FALLS, VT (USC00432769)"
USC00432769,1941,1941-02-08,1941-04-22,73,28,44.9094,-72.8083,128,VT,ENOSBURG FALLS,"ENOSBURG FALLS, VT (USC00432769)"
USC00432769,1942,1942-02-08,1942-04-20,71,47,44.9094,-72.8083,128,VT,ENOSBURG FALLS,"ENOSBURG FALLS, VT (USC00432769)"
USC00432769,1943,1943-02-06,1943-03-31,53,29,44.9094,-72.8083,128,VT,ENOSBURG FALLS,"ENOSBURG FALLS, VT (USC00432769)"
USC00432769,1947,1947-02-16,1947-04-28,71,49,44.9094,-72.8083,128,VT,ENOSBURG FALLS,"ENOSBURG FALLS, VT (USC00432769)"
USC00432769,1948,1948-02-16,1948-04-29,73,32,44.9094,-72.8083,128,VT,ENOSBURG FALLS,"ENOSBURG FALLS, VT (USC00432769)"
USC00432769,1949,1949-02-09,1949-04-28,78,41,44.9094,-72.8083,128,VT,ENOSBURG FALLS,"ENOSBURG FALLS, VT (USC00432769)"
USC00432769,1950,1950-02-11,1950-04-29,77,46,44.9094,-72.8083,128,VT,ENOSBURG FALLS,"ENOSBURG FALLS, VT (USC00432769)"
USC00432769,1951,1951-02-08,1951-04-21,72,41,44.9094,-72.8083,128,VT,ENOSBURG FALLS,"ENOSBURG FALLS, VT (USC00432769)"
USC00432769,1952,1952-02-03,1952-04-12,69,42,44.9094,-72.8083,128,VT,ENOSBURG FALLS,"ENOSBURG FALLS, VT (USC00432769)"
USC00432769,1953,1953-02-08,1953-04-30,81,35,44.9094,-72.8083,128,VT,ENOSBURG FALLS,"ENOSBURG FALLS, VT (USC00432769)"
USC00432769,1954,1954-02-04,1954-04-26,81,44,44.9094,-72.8083,128,VT,ENOSBURG FALLS,"ENOSBURG FALLS, VT (USC00432769)"
USC00432769,1955,1955-02-17,1955-04-08,50,38,44.9094,-72.8083,128,VT,ENOSBURG FALLS,"ENOSBURG FALLS, VT (USC00432769)"
USC00432769,1956,1956-02-08,1956-04-25,77,51,44.9094,-72.8083,128,VT,ENOSBURG FALLS,"ENOSBURG FALLS, VT (USC00432769)"
USC00432769,1957,1957-02-06,1957-04-15,68,50,44.9094,-72.8083,128,VT,ENOSBURG FALLS,"ENOSBURG FALLS, VT (USC00432769)"
USC00432769,1958,1958-02-26,1958-04-26,59,38,44.9094,-72.8083,128,VT,ENOSBURG FALLS,"ENOSBURG FALLS, VT (USC00432769)"
USC00432769,1959,1959-02-05,1959-04-21,75,36,44.9094,-72.8083,128,VT,ENOSBURG FALLS,"ENOSBURG FALLS, VT (USC00432769)"
USC00432769,1960,1960-02-06,1960-04-20,74,40,44.9094,-72.8083,128,VT,ENOSBURG FALLS,"ENOSBURG FALLS, VT (USC00432769)"
USC00432769,1961,1961-02-09,1961-04-19,69,55,44.9094,-72.8083,128,VT,ENOSBURG FALLS,"ENOSBURG FALLS, VT (USC00432769)"
USC00432769,1962,1962-02-06,1962-04-24,77,42,44.9094,-72.8083,128,VT,ENOSBURG FALLS,"ENOSBURG FALLS, VT (USC00432769)"
USC00432769,1963,1963-02-20,1963-04-27,66,45,44.9094,-72.8083,128,VT,ENOSBURG FALLS,"ENOSBURG FALLS, VT (USC00432769)"
USC00432769,1964,1964-02-07,1964-04-11,64,40,44.9094,-72.8083,128,VT,ENOSBURG FALLS,"ENOSBURG FALLS, VT (USC00432769)"
USC00432769,1965,1965-02-09,1965-04-24,74,42,44.9094,-72.8083,128,VT,ENOSBURG FALLS,"ENOSBURG FALLS, VT (USC00432769)"
USC00432769,1966,1966-02-12,1966-04-28,75,49,44.9094,-72.8083,128,VT,ENOSBURG FALLS,"ENOSBURG FALLS, VT (USC00432769)"
USC00432769,1967,1967-02-16,1967-04-25,68,43,44.9094,-72.8083,128,VT,ENOSBURG FALLS,"ENOSBURG FALLS, VT (USC00432769)"
USC00432769,1968,1968-03-01,1968-04-28,58,23,44.9094,-72.8083,128,VT,ENOSBURG FALLS,"ENOSBURG FALLS, VT (USC00432769)"
USC00432769,1969,1969-02-04,1969-04-26,81,41,44.9094,-72.8083,128,VT,ENOSBURG FALLS,"ENOSBURG FALLS, VT (USC00432769)"
USC00432769,1970,1970-02-04,1970-04-20,75,49,44.9094,-72.8083,128,VT,ENOSBURG FALLS,"ENOSBURG FALLS, VT (USC00432769)"
USC00432769,1972,1972-02-16,1972-04-27,71,47,44.9094,-72.8083,128,VT,ENOSBURG FALLS,"ENOSBURG FALLS, VT (USC00432769)"
USC00432769,1973,1973-02-05,1973-04-14,68,38,44.9094,-72.8083,128,VT,ENOSBURG FALLS,"ENOSBURG FALLS, VT (USC00432769)"
USC00432769,1974,1974-02-21,1974-04-25,63,32,44.9094,-72.8083,128,VT,ENOSBURG FALLS,"ENOSBURG FALLS, VT (USC00432769)"
USC00432769,1975,1975-02-18,1975-04-28,69,46,44.9094,-72.8083,128,VT,ENOSBURG FALLS,"ENOSBURG FALLS, VT (USC00432769)"
USC00432769,1976,1976-02-12,1976-04-25,73,42,44.9094,-72.8083,128,VT,ENOSBURG FALLS,"ENOSBURG FALLS, VT (USC00432769)"
USC00432769,1977,1977-02-14,1977-04-29,74,33,44.9094,-72.8083,128,VT,ENOSBURG FALLS,"ENOSBURG FALLS, VT (USC00432769)"
USC00432769,1978,1978-03-10,1978-04-23,44,35,44.9094,-72.8083,128,VT,ENOSBURG FALLS,"ENOSBURG FALLS, VT (USC00432769)"
USC00432769,1979,1979-02-23,1979-04-19,55,30,44.9094,-72.8083,128,VT,ENOSBURG FALLS,"ENOSBURG FALLS, VT (USC00432769)"
USC00432769,1980,1980-02-21,1980-04-22,61,33,44.9094,-72.8083,128,VT,ENOSBURG FALLS,"ENOSBURG FALLS, VT (USC00432769)"
USC00432769,1981,1981-02-09,1981-04-23,73,41,44.9094,-72.8083,128,VT,ENOSBURG FALLS,"ENOSBURG FALLS, VT (USC00432769)"
USC00432769,1982,1982-02-04,1982-04-22,77,36,44.9094,-72.8083,128,VT,ENOSBURG FALLS,"ENOSBURG FALLS, VT (USC00432769)"
USC00432769,1983,1983-02-04,1983-04-22,77,47,44.9094,-72.8083,128,VT,ENOSBURG FALLS,"ENOSBURG FALLS, VT (USC00432769)"
USC00432769,1984,1984-02-06,1984-04-22,76,36,44.9094,-72.8083,128,VT,ENOSBURG FALLS,"ENOSBURG FALLS, VT (USC00432769)"
USC00432769,1985,1985-02-27,1985-04-19,51,42,44.9094,-72.8083,128,VT,ENOSBURG FALLS,"ENOSBURG FALLS, VT (USC00432769)"
USC00432769,1986,1986-02-20,1986-04-23,62,32,44.9094,-72.8083,128,VT,ENOSBURG FALLS,"ENOSBURG FALLS, VT (USC00432769)"
USC00432769,1987,1987-02-09,1987-04-30,80,27,44.9094,-72.8083,128,VT,ENOSBURG FALLS,"ENOSBURG FALLS, VT (USC00432769)"
USC00432769,1988,1988-02-17,1988-04-23,66,35,44.9094,-72.8083,128,VT,ENOSBURG FALLS,"ENOSBURG FALLS, VT (USC00432769)"
USC00432769,1989,1989-02-15,1989-04-28,72,42,44.9094,-72.8083,128,VT,ENOSBURG FALLS,"ENOSBURG FALLS, VT (USC00432769)"
USC00432769,1990,1990-02-08,1990-04-18,69,42,44.9094,-72.8083,128,VT,ENOSBURG FALLS,"ENOSBURG FALLS, VT (USC00432769)"
USC00432769,1991,1991-02-08,1991-04-21,72,44,44.9094,-72.8083,128,VT,ENOSBURG FALLS,"ENOSBURG FALLS, VT (USC00432769)"
USC00432769,1992,1992-02-17,1992-04-17,60,47,44.9094,-72.8083,128,VT,ENOSBURG FALLS,"ENOSBURG FALLS, VT (USC00432769)"
USC00432769,1993,1993-03-03,1993-04-27,55,30,44.9094,-72.8083,128,VT,ENOSBURG FALLS,"ENOSBURG FALLS, VT (USC00432769)"
USC00432769,1994,1994-03-07,1994-04-22,46,37,44.9094,-72.8083,128,VT,ENOSBURG FALLS,"ENOSBURG FALLS, VT (USC00432769)"
USC00432769,1995,1995-02-18,1995-04-24,65,35,44.9094,-72.8083,128,VT,ENOSBURG FALLS,"ENOSBURG FALLS, VT (USC00432769)"
USC00432769,1996,1996-02-09,1996-04-28,79,44,44.9094,-72.8083,128,VT,ENOSBURG FALLS,"ENOSBURG FALLS, VT (USC00432769)"
USC00432769,1997,1997-02-03,1997-04-18,74,41,44.9094,-72.8083,128,VT,ENOSBURG FALLS,"ENOSBURG FALLS, VT (USC00432769)"
USC00432769,1998,1998-02-03,1998-04-27,83,44,44.9094,-72.8083,128,VT,ENOSBURG FALLS,"ENOSBURG FALLS, VT (USC00432769)"
USC00432769,1999,1999-02-04,1999-04-15,70,37,44.9094,-72.8083,128,VT,ENOSBURG FALLS,"ENOSBURG FALLS, VT (USC00432769)"
USC00432769,2000,2000-02-12,2000-04-26,74,30,44.9094,-72.8083,128,VT,ENOSBURG FALLS,"ENOSBURG FALLS, VT (USC00432769)"
USC00432769,2001,2001-02-07,2001-04-18,70,48,44.9094,-72.8083,128,VT,ENOSBURG FALLS,"ENOSBURG FALLS, VT (USC00432769)"
USC00432769,2002,2002-02-04,2002-04-29,84,51,44.9094,-72.8083,128,VT,ENOSBURG FALLS,"ENOSBURG FALLS, VT (USC00432769)"
USC00432769,2003,2003-02-04,2003-04-17,72,32,44.9094,-72.8083,128,VT,ENOSBURG FALLS,"ENOSBURG FALLS, VT (USC00432769)"
USC00432769,2004,2004-02-11,2004-04-25,74,35,44.9094,-72.8083,128,VT,ENOSBURG FALLS,"ENOSBURG FALLS, VT (USC00432769)"
USC00432769,2005,2005-03-07,2005-04-21,45,28,44.9094,-72.8083,128,VT,ENOSBURG FALLS,"ENOSBURG FALLS, VT (USC00432769)"
USC00432769,2006,2006-02-03,2006-04-28,84,27,44.9094,-72.8083,128,VT,ENOSBURG FALLS,"ENOSBURG FALLS, VT (USC00432769)"
USC00432769,2007,2007-03-04,2007-04-25,52,30,44.9094,-72.8083,128,VT,ENOSBURG FALLS,"ENOSBURG FALLS, VT (USC00432769)"
USC00432769,2008,2008-02-04,2008-04-30,86,44,44.9094,-72.8083,128,VT,ENOSBURG FALLS,"ENOSBURG FALLS, VT (USC00432769)"
USC00432769,2009,2009-02-10,2009-04-13,62,35,44.9094,-72.8083,128,VT,ENOSBURG FALLS,"ENOSBURG FALLS, VT (USC00432769)"
USC00432769,2010,2010-02-17,2010-04-29,71,29,44.9094,-72.8083,128,VT,ENOSBURG FALLS,"ENOSBURG FALLS, VT (USC00432769)"
USC00432769,2011,2011-02-07,2011-04-21,73,45,44.9094,-72.8083,128,VT,ENOSBURG FALLS,"ENOSBURG FALLS, VT (USC00432769)"
USC00432769,2012,2012-02-08,2012-04-29,81,36,44.9094,-72.8083,128,VT,ENOSBURG FALLS,"ENOSBURG FALLS, VT (USC00432769)"
USC00432769,2013,2013-02-15,2013-04-12,56,39,44.9094,-72.8083,128,VT,ENOSBURG FALLS,"ENOSBURG FALLS, VT (USC00432769)"
USC00432769,2014,NA,NA,NA,5,44.9094,-72.8083,128,VT,ENOSBURG FALLS,"ENOSBURG FALLS, VT (USC00432769)"
USC00432769,2015,NA,NA,NA,0,44.9094,-72.8083,128,VT,ENOSBURG FALLS,"ENOSBURG FALLS, VT (USC00432769)"
USC00432769,2016,2016-02-05,2016-04-28,83,41,44.9094,-72.8083,128,VT,ENOSBURG FALLS,"ENOSBURG FALLS, VT (USC00432769)"
USC00432769,2017,2017-02-18,2017-02-26,8,8,44.9094,-72.8083,128,VT,ENOSBURG FALLS,"ENOSBURG FALLS, VT (USC00432769)"
USC00435542,1930,1930-03-07,1930-04-29,53,45,44.9489,-72.1911,240.8,VT,NEWPORT,"NEWPORT, VT (USC00435542)"
USC00435542,1931,1931-02-14,1931-04-30,75,50,44.9489,-72.1911,240.8,VT,NEWPORT,"NEWPORT, VT (USC00435542)"
USC00435542,1932,1932-02-06,1932-04-28,82,40,44.9489,-72.1911,240.8,VT,NEWPORT,"NEWPORT, VT (USC00435542)"
USC00435542,1933,1933-02-03,1933-04-28,84,47,44.9489,-72.1911,240.8,VT,NEWPORT,"NEWPORT, VT (USC00435542)"
USC00435542,1934,1934-03-03,1934-04-29,57,38,44.9489,-72.1911,240.8,VT,NEWPORT,"NEWPORT, VT (USC00435542)"
USC00435542,1935,1935-03-05,1935-04-24,50,40,44.9489,-72.1911,240.8,VT,NEWPORT,"NEWPORT, VT (USC00435542)"
USC00435542,1936,1936-02-18,1936-04-27,69,43,44.9489,-72.1911,240.8,VT,NEWPORT,"NEWPORT, VT (USC00435542)"
USC00435542,1937,1937-02-12,1937-04-24,71,19,44.9489,-72.1911,240.8,VT,NEWPORT,"NEWPORT, VT (USC00435542)"
USC00435542,1938,1938-02-07,1938-04-11,63,37,44.9489,-72.1911,240.8,VT,NEWPORT,"NEWPORT, VT (USC00435542)"
USC00435542,1939,1939-02-20,1939-04-30,69,45,44.9489,-72.1911,240.8,VT,NEWPORT,"NEWPORT, VT (USC00435542)"
USC00435542,1940,1940-03-05,1940-04-27,53,35,44.9489,-72.1911,240.8,VT,NEWPORT,"NEWPORT, VT (USC00435542)"
USC00435542,1941,1941-02-15,1941-04-23,67,30,44.9489,-72.1911,240.8,VT,NEWPORT,"NEWPORT, VT (USC00435542)"
USC00435542,1942,1942-03-02,1942-04-21,50,47,44.9489,-72.1911,240.8,VT,NEWPORT,"NEWPORT, VT (USC00435542)"
USC00435542,1943,1943-02-06,1943-04-30,83,42,44.9489,-72.1911,240.8,VT,NEWPORT,"NEWPORT, VT (USC00435542)"
USC00435542,1944,1944-02-24,1944-03-31,36,26,44.9489,-72.1911,240.8,VT,NEWPORT,"NEWPORT, VT (USC00435542)"
USC00435542,1945,1945-02-23,1945-04-23,59,35,44.9489,-72.1911,240.8,VT,NEWPORT,"NEWPORT, VT (USC00435542)"
USC00435542,1946,1946-03-04,1946-04-28,55,41,44.9489,-72.1911,240.8,VT,NEWPORT,"NEWPORT, VT (USC00435542)"
USC00435542,1947,1947-02-16,1947-04-29,72,53,44.9489,-72.1911,240.8,VT,NEWPORT,"NEWPORT, VT (USC00435542)"
USC00435542,1948,1948-02-16,1948-04-29,73,39,44.9489,-72.1911,240.8,VT,NEWPORT,"NEWPORT, VT (USC00435542)"
USC00435542,1949,1949-02-09,1949-04-28,78,51,44.9489,-72.1911,240.8,VT,NEWPORT,"NEWPORT, VT (USC00435542)"
USC00435542,1950,1950-02-11,1950-04-30,78,38,44.9489,-72.1911,240.8,VT,NEWPORT,"NEWPORT, VT (USC00435542)"
USC00435542,1951,1951-02-07,1951-04-26,78,45,44.9489,-72.1911,240.8,VT,NEWPORT,"NEWPORT, VT (USC00435542)"
USC00435542,1952,1952-03-05,1952-04-21,47,40,44.9489,-72.1911,240.8,VT,NEWPORT,"NEWPORT, VT (USC00435542)"
USC00435542,1953,1953-02-08,1953-04-21,72,27,44.9489,-72.1911,240.8,VT,NEWPORT,"NEWPORT, VT (USC00435542)"
USC00435542,1954,1954-02-04,1954-04-27,82,49,44.9489,-72.1911,240.8,VT,NEWPORT,"NEWPORT, VT (USC00435542)"
USC00435542,1955,1955-02-19,1955-04-21,61,42,44.9489,-72.1911,240.8,VT,NEWPORT,"NEWPORT, VT (USC00435542)"
USC00435542,1956,1956-02-08,1956-04-30,82,55,44.9489,-72.1911,240.8,VT,NEWPORT,"NEWPORT, VT (USC00435542)"
USC00435542,1957,1957-02-06,1957-04-30,83,51,44.9489,-72.1911,240.8,VT,NEWPORT,"NEWPORT, VT (USC00435542)"
USC00435542,1958,1958-02-26,1958-04-30,63,48,44.9489,-72.1911,240.8,VT,NEWPORT,"NEWPORT, VT (USC00435542)"
USC00435542,1959,1959-02-27,1959-04-27,59,43,44.9489,-72.1911,240.8,VT,NEWPORT,"NEWPORT, VT (USC00435542)"
USC00435542,1960,1960-02-06,1960-04-27,81,36,44.9489,-72.1911,240.8,VT,NEWPORT,"NEWPORT, VT (USC00435542)"
USC00435542,1961,1961-02-21,1961-04-24,62,53,44.9489,-72.1911,240.8,VT,NEWPORT,"NEWPORT, VT (USC00435542)"
USC00435542,1962,1962-03-01,1962-04-25,55,46,44.9489,-72.1911,240.8,VT,NEWPORT,"NEWPORT, VT (USC00435542)"
USC00435542,1963,1963-02-20,1963-04-27,66,39,44.9489,-72.1911,240.8,VT,NEWPORT,"NEWPORT, VT (USC00435542)"
USC00435542,1964,1964-02-07,1964-04-25,78,41,44.9489,-72.1911,240.8,VT,NEWPORT,"NEWPORT, VT (USC00435542)"
USC00435542,1965,1965-02-18,1965-04-27,68,43,44.9489,-72.1911,240.8,VT,NEWPORT,"NEWPORT, VT (USC00435542)"
USC00435542,1966,1966-02-11,1966-04-29,77,46,44.9489,-72.1911,240.8,VT,NEWPORT,"NEWPORT, VT (USC00435542)"
USC00435542,1967,1967-03-15,1967-04-25,41,37,44.9489,-72.1911,240.8,VT,NEWPORT,"NEWPORT, VT (USC00435542)"
USC00435542,1968,1968-02-28,1968-04-28,60,21,44.9489,-72.1911,240.8,VT,NEWPORT,"NEWPORT, VT (USC00435542)"
USC00435542,1969,1969-02-19,1969-04-30,70,44,44.9489,-72.1911,240.8,VT,NEWPORT,"NEWPORT, VT (USC00435542)"
USC00435542,1970,1970-02-03,1970-04-23,79,47,44.9489,-72.1911,240.8,VT,NEWPORT,"NEWPORT, VT (USC00435542)"
USC00435542,1971,1971-02-08,1971-04-27,78,48,44.9489,-72.1911,240.8,VT,NEWPORT,"NEWPORT, VT (USC00435542)"
USC00435542,1972,1972-02-16,1972-04-28,72,46,44.9489,-72.1911,240.8,VT,NEWPORT,"NEWPORT, VT (USC00435542)"
USC00435542,1973,1973-02-04,1973-04-30,85,39,44.9489,-72.1911,240.8,VT,NEWPORT,"NEWPORT, VT (USC00435542)"
USC00435542,1974,1974-02-22,1974-04-26,63,35,44.9489,-72.1911,240.8,VT,NEWPORT,"NEWPORT, VT (USC00435542)"
USC00435542,1975,1975-02-18,1975-04-28,69,53,44.9489,-72.1911,240.8,VT,NEWPORT,"NEWPORT, VT (USC00435542)"
USC00435542,1976,1976-02-13,1976-04-26,73,45,44.9489,-72.1911,240.8,VT,NEWPORT,"NEWPORT, VT (USC00435542)"
USC00435542,1977,1977-02-13,1977-04-29,75,39,44.9489,-72.1911,240.8,VT,NEWPORT,"NEWPORT, VT (USC00435542)"
USC00435542,1978,1978-03-10,1978-04-30,51,38,44.9489,-72.1911,240.8,VT,NEWPORT,"NEWPORT, VT (USC00435542)"
USC00435542,1979,1979-02-22,1979-04-19,56,34,44.9489,-72.1911,240.8,VT,NEWPORT,"NEWPORT, VT (USC00435542)"
USC00435542,1980,1980-02-21,1980-04-22,61,39,44.9489,-72.1911,240.8,VT,NEWPORT,"NEWPORT, VT (USC00435542)"
USC00435542,1981,1981-02-27,1981-04-23,55,43,44.9489,-72.1911,240.8,VT,NEWPORT,"NEWPORT, VT (USC00435542)"
USC00435542,1982,1982-02-18,1982-04-22,63,32,44.9489,-72.1911,240.8,VT,NEWPORT,"NEWPORT, VT (USC00435542)"
USC00435542,1983,1983-02-04,1983-04-24,79,51,44.9489,-72.1911,240.8,VT,NEWPORT,"NEWPORT, VT (USC00435542)"
USC00435542,1984,1984-02-18,1984-04-22,64,33,44.9489,-72.1911,240.8,VT,NEWPORT,"NEWPORT, VT (USC00435542)"
USC00435542,1985,1985-02-15,1985-04-19,63,42,44.9489,-72.1911,240.8,VT,NEWPORT,"NEWPORT, VT (USC00435542)"
USC00435542,1986,1986-02-20,1986-04-23,62,34,44.9489,-72.1911,240.8,VT,NEWPORT,"NEWPORT, VT (USC00435542)"
USC00435542,1987,1987-02-28,1987-04-30,61,29,44.9489,-72.1911,240.8,VT,NEWPORT,"NEWPORT, VT (USC00435542)"
USC00435542,1988,1988-02-17,1988-04-23,66,37,44.9489,-72.1911,240.8,VT,NEWPORT,"NEWPORT, VT (USC00435542)"
USC00435542,1989,1989-02-15,1989-04-25,69,41,44.9489,-72.1911,240.8,VT,NEWPORT,"NEWPORT, VT (USC00435542)"
USC00435542,1990,1990-02-08,1990-04-18,69,43,44.9489,-72.1911,240.8,VT,NEWPORT,"NEWPORT, VT (USC00435542)"
USC00435542,1991,1991-02-09,1991-04-15,65,46,44.9489,-72.1911,240.8,VT,NEWPORT,"NEWPORT, VT (USC00435542)"
USC00435542,1992,1992-02-18,1992-04-26,68,42,44.9489,-72.1911,240.8,VT,NEWPORT,"NEWPORT, VT (USC00435542)"
USC00435542,1993,1993-03-03,1993-04-27,55,31,44.9489,-72.1911,240.8,VT,NEWPORT,"NEWPORT, VT (USC00435542)"
USC00435542,1994,1994-03-08,1994-04-29,52,35,44.9489,-72.1911,240.8,VT,NEWPORT,"NEWPORT, VT (USC00435542)"
USC00435542,1995,1995-02-18,1995-04-25,66,42,44.9489,-72.1911,240.8,VT,NEWPORT,"NEWPORT, VT (USC00435542)"
USC00435542,1996,1996-02-11,1996-04-28,77,43,44.9489,-72.1911,240.8,VT,NEWPORT,"NEWPORT, VT (USC00435542)"
USC00435542,1997,1997-02-03,1997-04-18,74,45,44.9489,-72.1911,240.8,VT,NEWPORT,"NEWPORT, VT (USC00435542)"
USC00435542,1998,1998-02-03,1998-04-27,83,52,44.9489,-72.1911,240.8,VT,NEWPORT,"NEWPORT, VT (USC00435542)"
USC00435542,1999,1999-02-04,1999-04-24,79,43,44.9489,-72.1911,240.8,VT,NEWPORT,"NEWPORT, VT (USC00435542)"
USC00435542,2000,2000-02-21,2000-04-26,65,31,44.9489,-72.1911,240.8,VT,NEWPORT,"NEWPORT, VT (USC00435542)"
USC00435542,2001,2001-02-10,2001-04-19,68,47,44.9489,-72.1911,240.8,VT,NEWPORT,"NEWPORT, VT (USC00435542)"
USC00435542,2002,2002-02-04,2002-03-29,53,37,44.9489,-72.1911,240.8,VT,NEWPORT,"NEWPORT, VT (USC00435542)"
USC00435542,2004,2004-02-22,2004-04-29,67,47,44.9489,-72.1911,240.8,VT,NEWPORT,"NEWPORT, VT (USC00435542)"
USC00435542,2005,2005-02-05,2005-04-22,76,36,44.9489,-72.1911,240.8,VT,NEWPORT,"NEWPORT, VT (USC00435542)"
USC00435542,2006,2006-02-18,2006-04-29,70,32,44.9489,-72.1911,240.8,VT,NEWPORT,"NEWPORT, VT (USC00435542)"
USC00435542,2007,2007-03-01,2007-04-26,56,35,44.9489,-72.1911,240.8,VT,NEWPORT,"NEWPORT, VT (USC00435542)"
USC00435542,2008,2008-02-20,2008-04-30,70,38,44.9489,-72.1911,240.8,VT,NEWPORT,"NEWPORT, VT (USC00435542)"
USC00435542,2009,2009-02-11,2009-04-24,72,37,44.9489,-72.1911,240.8,VT,NEWPORT,"NEWPORT, VT (USC00435542)"
USC00435542,2010,2010-02-24,2010-04-29,64,39,44.9489,-72.1911,240.8,VT,NEWPORT,"NEWPORT, VT (USC00435542)"
USC00435542,2011,2011-03-06,2011-04-23,48,46,44.9489,-72.1911,240.8,VT,NEWPORT,"NEWPORT, VT (USC00435542)"
USC00435542,2012,2012-02-17,2012-04-30,73,40,44.9489,-72.1911,240.8,VT,NEWPORT,"NEWPORT, VT (USC00435542)"
USC00435542,2013,2013-02-15,2013-04-26,70,44,44.9489,-72.1911,240.8,VT,NEWPORT,"NEWPORT, VT (USC00435542)"
USC00435542,2014,2014-02-03,2014-04-26,82,28,44.9489,-72.1911,240.8,VT,NEWPORT,"NEWPORT, VT (USC00435542)"
USC00435542,2015,2015-03-12,2015-04-26,45,28,44.9489,-72.1911,240.8,VT,NEWPORT,"NEWPORT, VT (USC00435542)"
USC00435542,2016,2016-02-04,2016-04-29,85,47,44.9489,-72.1911,240.8,VT,NEWPORT,"NEWPORT, VT (USC00435542)"
USC00435542,2017,2017-02-21,2017-04-25,63,32,44.9489,-72.1911,240.8,VT,NEWPORT,"NEWPORT, VT (USC00435542)"
USC00435542,2018,2018-02-20,2018-04-23,62,50,44.9489,-72.1911,240.8,VT,NEWPORT,"NEWPORT, VT (USC00435542)"
USC00435542,2019,2019-02-09,2019-04-30,80,37,44.9489,-72.1911,240.8,VT,NEWPORT,"NEWPORT, VT (USC00435542)"
USC00435542,2020,2020-02-13,2020-04-29,76,52,44.9489,-72.1911,240.8,VT,NEWPORT,"NEWPORT, VT (USC00435542)"
USC00435542,2021,2021-03-02,2021-04-27,56,23,44.9489,-72.1911,240.8,VT,NEWPORT,"NEWPORT, VT (USC00435542)"
USC00435542,2022,2022-02-10,2022-04-30,79,43,44.9489,-72.1911,240.8,VT,NEWPORT,"NEWPORT, VT (USC00435542)"
USC00435542,2023,NA,NA,NA,0,44.9489,-72.1911,240.8,VT,NEWPORT,"NEWPORT, VT (USC00435542)"
